Title,URL
Full-Stack Developer,https://nl.indeed.com/pagead/clk?mo=r&ad=-6NYlbfkN0DSb5vo1R_-L5OpjKMtYuJAAhWPCuiKyYrNS-1bYNxjpgqEfsA9np8nE0TBIVNLlsEyhEngqPIvrKGu2SEkpwon2WPJKKToJlmorooxeSRz4zaj52X6qSs9Bp7ZOpIFKnyDxehyf7rZdnMzQrLtguPvcDgGb6XjDa5TgF3tLb-O_j5n5DLOp4pB-pwH4xM17l9zOrx_NNZgbCWSrnlks3l0DCGqTOXq27JexnCjpUXgQq1xZCoSF-UinfGQZ7OeHmweHDT6EvZac8oBkP9YDEQW1xOzU4qDmU-LUBqk8eo1U0E3FkkP7obEoobI6pGk8cquDh9aqnQPxzS2SqP2mrb3JblchQCKUfBGhtWb_UAGP8kyG2GF-JruC-Mg-6EUJRgMX-CXS-Pv0lWmklxK1opIZKf9LIdB8DYQgoywfDrq1VY0uF1m4ZvkJK4MXz26Dfa0HUQDoPTSIk0c8Ce3zLxIyJ2QAm1lMGLd7EpxBKcOwpB_PLA_vvbHf9CBXKiMfWVgGH89r59n7CyOq6D0R9fxWU4mfDSApe3XQpu4b8pOIQ8YWH-lis7fPPEGVuZc1wInW9hc4ODXH4cjGXH1JJIxWW4j7mtjX1Q61CMJSJm3j9ksMxuYW-BanNKPYlsEJ25mQcDSJHb8uXvSs7HdKWOiwcm7L5EAQWsvi9MEtl6Q_JrVQWP5IkX3Y5oX4v1rkh-bMmhKp0F65xL7OPrt43Cf-a2oIS97x9D6XZT9XoL9Qvwwiind9mknPDwqSyJmGXd_P8D6Jib4G7qW-cq6lJQVLUaVT4NAqyzK05zkvZFLEzblVu-BjRkPnARniB1Hqend7dPSv55BDNCmQ7iQqTs3YVolZQRItpN5i2MrpUGVDA==&xkcb=SoDQ6_M374UkHUwArJ0LbzkdCdPP&camk=xqnMBGaf-K_SPHpsmNn92g==&p=0&fvj=0&vjs=3
Full Stack Developer NodeJS,https://nl.indeed.com/pagead/clk?mo=r&ad=-6NYlbfkN0A_cWh5ufxJCEatf9FOtgdwl-LajcKrnY3NwdklpeSDnnCE9EfVlo8THEY14bSJJcUs2Lrro7A7lbeT6PW9Ys4Itmyrlvbkg3DkNMKuydEA_DyAPAORpslzh5rmx_Z5TAmEvQDr46PXFEWAm0KdBV4P26MEL7TTInWIrHKEcgQ7VZWcJUbI0zhro1fuSIiqfk7j82sO4HvRscHepbK7HvuxfNZaIq99R9h5AMpRBIXyF3DtxIi5HrB-a0oR55mBDToDJ8QQziW2cmMsATgG_Q8c4vvrqaeLFJEzxbSrZwQRnAkWC9vV5K7s46ASz-Q2MnLjJ3Zm5z7xWk3Nydk4FYh4nuKZSjd9VZ7iH6T0ns9CK3v_lmrtqBOOxBcFOtCzUTwv2bEZJt075UbxoN4eMSrgAIsI9aDktuTMoaKfg9TfT85SgESsZZv6tZd7LPBvMNXElMqQNQW1sUzH1jNjXLrcY07tKXO7cdN4wvqdnOGdjm9UPZ2D_0k6z4xppSLxyvGOZ4NGqqsiSSpE4FozLbqGKF_O0vBqNCn7kFMB11ACQ-7RdzQwpXb87C13FL77qxLrNeB_TMOZgyOukuOyr5M8eubGz7NHnjG4jBYHe6BACBUgg6j3m2igfDlXcKNS35JokC8EGlqVqRhDlB0ZjzWZWfx4l7ZyJ3A0hK_EApJ6PbokSWaoCzf-MjtXy3dYpoAk91E0Bq_oHDlV-S5FmAMgUBk_cwD0g2YURnVcU4tQC1Qa1sOO9m46hHuN6Wp2zXKXmwR1sdB-SgxfYpy3AVry9BjunxXvJ6zI4lQOEiN9iz5SEhdJ4n5qGds64kr0Y7FYpy2aQ37XL55-QKEDlAr6tcW6dzrxcRclQ9F0OwAqhLZ3ZqWP_HDh3-HeRC8PAS5P0u8kTxly5UDva_YxkPjcdIrv3gYqy4HJEtYAKniFjiyhk4fcPjDnGtVLKejDfgzOCmym_oJktaspfegVqfNp7pww375WvqedYM_pWSqb_ycMKebPrrSG&xkcb=SoBk6_M374UkHUwArJ0KbzkdCdPP&camk=xqnMBGaf-K8BRMsUWkigAg==&p=1&fvj=0&vjs=3
Full-stack TypeScript Developer,https://nl.indeed.com/pagead/clk?mo=r&ad=-6NYlbfkN0BoPKnmB-qs7iRmlZM5SaPH4_i2yHbAL1juBmYuCSPeH86nynwXyw14EXRSVhf26bKHT9ILH5IhkY2Fv0C5Mx8pAuZLMctYv2bNiYqr84n3PDlyYhEdnp5c3hoXkB9XVQpQ1mrRG9NsER8gtiliseKp_KDSCBkSLtMgsIC-gTAJRbDsmxX-VvInMgzC4PtcxF9eFmH18BfeqcJXCVeWkEE6bRp9_RGFt7LOp7p0uW1a0p9fwViUxQeEOtwOzPe9kraftrqnjZaPkIygFliXgEi6XoN7ES8MO0L0DkHzWZryBf1AAYeNLnX-pyhpYDTCLnHcKK56exWvmceRV6QAMxPcOqzHIr9UEr_qsWtyslrSAilNcXlHFc4TzBHjzFbwH8ZFVS6B4nBWy_hWQ7w4x7g8TGTWYDND9vn0aHOJvsV5GJAHR4RZTzHuKAouSUj5gvzCcB3GT0IVByxtUZ6DaBXsF-xtxpARrQfQKF1XYFU7EySadWi8wUhXj9cJjOSxoTXMxsGdTUlr8hHQHPT7Q0X8yRGNfso5VSGw-lpYOLYTpcLub1Dx7Ip42L9Nj_qdfEIsugLERK5IicJ-PyBzKjIsX0_KcGeO3ZpRgJbhHu0pdih8cN81X9YtyXIV195ivTQpsS-iqbPVviDQFbBoHCV5F4c8mZr348xDxLAdnAHJvQLpmOA0BWtn7Yl9NN65GVE4fR6Urj3YDQBHR1Gff15XYKLO15nFkjEhou3jpDROj3dX3eUqcgd25IVgFQm6jzTo-RnOMTVoi41NbO7K7PdOeKoRwyxdYjzw3Dp_Ilx7drlP9Y8GchNldkc8CaoOD9jTLAwpAkPaGWraG5qOylCzeiphjGBtXIxVbxrgHmbd6bMRkZOcsOrRE7TANCDF6P8=&xkcb=SoD56_M374UkHUwArJ0JbzkdCdPP&camk=nUmJqO2E8riisnPk21y4nw==&p=2&fvj=1&vjs=3
Full Stack .NET Developer,https://nl.indeed.com/pagead/clk?mo=r&ad=-6NYlbfkN0DxtXr6clpO8X4dlJistf8eFtJLd_vZbZUinTLqJQFeOHrpU4K0LyBdv569cXsKmUdA0Du6j8JjEAzmfzCziyAQ_nDx7JSIhub4LoiORPcp8AjnkMZxB1jvuIM-K1NDkexAXTWxTSp6bsV0RWUbcAXzD7tM_tAYJt-P56aoZnsNbvnkN2lQVx3WjvTlu7VGWIecQCiqHcTVRm7axwxGDQmkRHbNqbrKHssf-h_zicNMdoI56QO_CHYkaiLcCEfylpeEfKQO1wXMB7jKcARBpj66ADN8IGHYg_G9kyXEBDI3cEuii3H9kGekUSpNKtidrzXfdJdkzbN5JYXNdieGM6VPHela18PnTH6fCxpOnyxlLkEoY36Rp9FlPLwkcYBSBuymXdZICP46MnrJiGKBt-LOl39PN-wxH8agfjlbcrdZXE5YkX2r1XuI8l1IDXaO3njbCRhjtvXXigjgkvCYbON1grjmSiE8q6iqrtIeAdRLHfXKrYFkiHYEv3v27WP756sHxMcaZJ5IA7Np0TPIyKBBYzJqewim3WgXx0KXHQ0GqIsFtPwPBfmEn2S1YQXN5SrRExmtrX-YwsReu3xRSYO2A0juFEzfyfAis7R3h5Zln-yos0tbs_7aH5-Db7jFB0mFTmI7OHGyvANs9JPLg6RBUbI6rKTn-G4=&xkcb=SoBN6_M374UkHUwArJ0IbzkdCdPP&camk=CPChkbYSGj-C0xZl3Eyk9w==&p=3&fvj=1&vjs=3
Full Stack Developer Gezondheidszorg,https://nl.indeed.com/pagead/clk?mo=r&ad=-6NYlbfkN0AiJshqb6poEQ2b1sVW6ZbIbMNPQ_0KamMpv7dt4Vhyq4OvSfFU1QQnxr5zowwS-R84pmTjolaUdtBOP6RRwqjn8Zikfr6KvPJJkuClm1kTi8kdyitJD-CB4GV_xtfbw1RZ66TG246WlgKd2cLTZLxCDflMdmUOtM-PqxbcapIQN4JodR5Fqvv5DfSBtXiFzeNSvs3UV3bOjL9qraUZB5c_yAx_Y8GEEVw1dJ8N8tFDm3px7IkrwSD2Rx8QnFDzgQPMbASje-RcjYrC7_WFC12KvSfjSOclsU8Xts_ZoBjPFJhG9MQcPDZgVX1lBghVdnkEDF-aG3qwpfLl9KFEqCOV423qMmQ47uf-pTsvppaAdGlZMVL03PmXex2IXJms9TWNjvxoJ_de6n7N0tDXxCZg-0dlCVg36Vts_Kk-NeGEDQcjPHp_Vy2X9E_NOKb87imrxQE6y7Or_pnnivmCMoEPibIjWA3eBfP94lfl6I8e-Q57U2BdtI4KSo0Cz5eLRQ5sJj-x11fkIPClaAK9ClBnnd0xLlBreaaTFzxUQceB4H-RwZfoA0AlL4Wh3CpWwkvT3ixhlbIHRixi1_dU3bmcFXY9h6d94AcKlFHGv5wYunfrt3JHWan9AX8CCnf999Rk7nQI7nArEN4Nedh_mBuGUn6vJjAhwZBVaOxwSf0JIJBdTCeuuNQToSqXAyQJ_yAqXYfrgAYJFez-bN1rr3l_&xkcb=SoDD6_M374UkHUwArJ0PbzkdCdPP&camk=4HOcmqOLYrD3qLILCbwuQw==&p=4&fvj=1&vjs=3
Full Stack Developer,https://nl.indeed.com/pagead/clk?mo=r&ad=-6NYlbfkN0CPV2DcenltS1pkBl_pMyim6Xwkw0vnsRQ4HE8gG1BfL7J3S_w6pg82N-S6wD26pnFKnKlq3NOUTihdwF7MmOZY2PE3DWQf3gKsKPWlzKSGH3XQXyUasQ4TwoAwB2z441E-TmqrBU8hmEvf4OAYEm-ng15jrPorJpgL3To9AeThLJUUz6WDVADmgp4p3uZBsO-LofXgx7wlB3jIuzhqVkYfzPS5V770DXAUAkpUdK6o14nxQLziSLMBalqesItHE5Icxyv0wVmPv_u6GdMl1WaavvuUKFrSW6aW0TG7UXhyCIyZNaywD01vfwXjZ1EcFBm5102IDaLMy_KfaneGNzn_teCfcSNPZokqqMcPrFQh_pwldwzNkpQT-m0PvMscmFtcoeec4_S_hLHREpHeBduh7NNINq4QmU5zY4sKFvVg2YnyXg0-FnLkaUj9AtRFXWYn6Px66p_WQ5WKZEDZ25Deox0Za1hWE3pY9S67iiuDReqrtrXzR_Xv1r2YBBDFZXGCtWHXjh1mLvgZUHN5Z-IW1PGufLb6MzySIZ_ux83pk8n34WaVoJGcO-wkM3XsgAR1lAR_Hy_T7hY5nd5m4r3KUkXij9ZCjQSkxBjc67tpbHZr3T_KwNsE9Whd1ICTXo1WsdaItDvFIqO_yhFFdxXw8BBsu7InaYMZ51sVQKE2ZfvyaanzOnweObwbEP3CFAb8P3_qnlJoowuCxK2s9UMBwkNTat8Zn6DB6hi0lL6s8FUYHQnPhRb_M89fhsbjdWViHiraic8nan7f1V-y8fXT0Q7xP5Xd-iCWM4reuEv7hRXjJ1rOBKOJTdLVb0I7u9ptiLngpfsXJ1cbj53F_Olodd_xAyEIl1INJK7iL4QDs9Kg4hQ0f-WNGgfcWZRVzma2YINIQmsoDpQq1GunplqChx1cCdHAzMktLqpwGjVoiY909hY8BA4epw8kLq91NGF247UQcQJfARew7U7NH7jh_YkmqCPsC0LVmjHXt3fCbF5V7n-HoegHDVM1MAsigPgEUtD5Da6jV3m2GuLEAJxxXtmr5b0eHB2EoZefwGiVNPSJfG1wifcU&xkcb=SoB36_M374UkHUwArJ0ObzkdCdPP&camk=H-lBaXMUocIr3Ea6Le__cQ==&p=5&fvj=0&vjs=3
Full Stack Software Developer,https://nl.indeed.com/pagead/clk?mo=r&ad=-6NYlbfkN0AXCiHfjGETQpbOV2jaAPRzWTakb3NbI7RyhYY-M4HEn1IY3X4mberKzCdciDBRCg7ckv7N-CQLrgAZALP9yjOQazAQlAzP4QkbrSsEWnzOAoLoUmxJ6OttFgYe2esrMo5KpdmyW0lUlebSHSvzSoAmrR170Nya3n-oNx8yBB4Ooo_mDJ6j4cqfdQ96wD1dtUnz_wMQB4-kUxrvXP4F4kDn-Z_ggEPEmM5QG4E5DwddvfLIeFvJJKk1IHb1ah4Z5Xz2RtRKZ8XsrlzjfFYUdgAE79WqpbpJTXjuSQCYTgSMVod3cMKDrNJxKlI_tF4idsmxhvKqSFvvhd5XmJOaOqBi9g7QWRaN7aURztJDe5_POU_JFGLQQSwocwmDDcz1fxyNwEiavwtUKkbFxFnL3g-G6xGF13tB9s9am4QgjLkEbc0YBT4gcKuF5TeWJGbFHLdi-5RK2Ax2QWGhoSZnEN05kJ6fuvq_yyeBsfXgEBUXQ1mSevJqr7LW-VXLDkqDZruEc0aU_EiCUIkL60KCcSZeG_VloM6wLMt_UiBcvrIktq8u94MWonSh063BcvrnI-DVf0ogNQ8rAZWduJ2-99bSJg1DGYvPjkjoC5P7PpUKox9_4KxghAxfz2mjJIXkEd07Z6AKlJ6U-sT5lUMIx85SSXWce_zTva81fE-17s55M6rxulOcPfiIXgmJB_rnjnwFL9_6SQfNrNzOagTZZtwMKXhzRopF4FV4xUUVSjL-rcZexnxHFnklHXM79zIQJy2qzC5rzzJBXMZWYobaLtlbjXjd7mcFVYFPsKF9UWdLYIJ5NCu2iZpvcQWYznLzQg9TborhkTPesDwjOoR4Z_zv_uSMBshHJ47VMrIfB8oLz6zb-4XW9aZNna61e3tkFnfU5U8_-CilyXTtEu_DdoZAuTOEaWDnN9NtkDduBwguoJ15dDe97m1cAv6H3jE9Zho=&xkcb=SoDq6_M374UkHUwArJ0NbzkdCdPP&camk=CPChkbYSGj-16Xpj9UBn6Q==&p=6&fvj=0&vjs=3
Full Stack Developer,https://nl.indeed.com/pagead/clk?mo=r&ad=-6NYlbfkN0C3egi8HxRhWIuYdjY6w7nwXqOPaz1mxqRE4GanuIuHOpKdV3I0K_QepCzjIK0bDyQIGE1tJc25wrOYslCV_1MivQ_nwja98qBTRa-QpejMNsJvCGnd-3UoJEAu-6SkNKpLCimpyoQI2dEFI7ytQEN8IbgfzEz_T2TSmwG7ozgqwXiweZtEmVSVB3LJNOTfEHEIt-uJSRJWqC3BJk_e5RpnXFikFhkbDG75J9DfLI7mYfOgg9PreEzQcdKcQWsMOLtvVm42MREh8lek0wUu2y6qv9QNq7z_m8ljx78t4_432PrFE3wpDnyB-OyI88RKL6R3wA9iYlvmLLwnzW9_PXk1H-y5OrjHGPcvjZ-2Xk_Bhz3CstgboggZ2YNumtsXpSlm-5jucwOF3q7T3W-jNhWSxYIITMGtq7o4GllqL19F6dN1XmNA4Xm-JybJ7gI5iZfAfRQ4jiHKQV5A-gaL438zqdhFIHFt6Un3mdpN1Io8jSis2ucte8npsQ2dWWtO7bR-TkBa-qZHPKIr9HMsvDdwEXEF--Es0I5rdtWRIrcuXvHpWXw5jMNrpZKjHEJqCmVYNpQBs1CIIAraXq_i73U95rDHcxAwZ0pKMDG8wpqIDAO6r9E_6fZ_tpnKYs7m07bTaxySuCly_UKWEQiXGqH7FnohGCjQzouN-7WPOnGPTHJr4X9nomFPMHdtXAnFfQ8s4FBdQMsG8ES4CdTBmqXuKmnroAQOdgj-A1EitQdosrBy1JunfIENPKRMT-IUXWa31xpmVcaGpExWuE_2t4U7ujhX4dkc5qnmaSidP--_REdcE8iFCbmjhp9hKSB9t9_dbebxIV7q9Dunm0KCS-xQlpfrLojFFLRYpM13EoZZ9HekN53YYcLw&xkcb=SoBe6_M374UkHUwArJ0MbzkdCdPP&camk=4HOcmqOLYrCcE6m9DOcs_Q==&p=7&fvj=0&vjs=3
Mitarbeiter:in Verkauf Markthalle Samstag 8h/w - IKEA Klagenfurt,https://nl.indeed.com/pagead/clk?mo=r&ad=-6NYlbfkN0AF51QJz9Mp6woWQzs9MTj5TKn0zVCNPee5353iOZEOt6wHZ17uWJSDKFtEp465BBa78R0bhGLFpDtHZUh_ImJh6zC3nOSHlJEqklfZz-6ZnekXi-Pi5Z-xOJuzHCNc9wXggJLbOLluYjKC2sXqvICMKpASYo6udruC63x2bbFkVuPvTKLWngCqUryviZt6OXm04W0T6lVOeIoe7_AmQ4jIoDR9UzCl_NrObDkENCms5s1QOsNUNRHJQqPblISonCHW_gIf4-DyFhENa6yhYrGt22_yG1ZoXuobcVSdJXRGD5G-gjSqxZgsBHxfsnMPR59xxe2L4yV261OoYuHh3gqrOPOy6YqdAeHmpnUFYCdB61LhvptKgfIBVgGvnpmk_vtJMOFWN886iHnms3jJiBM5RQJT_z7EJb-WQbW7m7bS5Sn9OMkYoc8HpOl81hkH1ZjDmrmPF1zEUtGXALayQGORLHxpwBGs70YQ32xycgPT6f5Lm3tr90e_3DuVkScRYMywiU_rdlyj4Hskwwgy5otLx07SfX3LQHO3URm1oo6SluHTLYeCUjAkBoyMTtfWgdfPeJwi1E0YETQLQhvGdSwFczayJvxLcdW2oaIQJ1OJZsuJF5qaCfDbwsxyHNwoizEILbGViLpKo9D8F5WGZ-oQlPSue4l6ZulWJRhj7NzRcEmaoC_zexVBPKY8_-8no4yDonfwHCQZRy1OHS79Z7A3gld3vY_WUzkNjM4UnUN36W0rHWRC26SbwZHLbpnNMsUM-U1_MNud8-c9NCUFLfA06FwAUnfpaDlOE38874qTGfs059VmGbBpGgDeffLrVEYmtlKoP3UdPQmDxCvlD2oIQQ0TJINFvXNQe5LJBM2hyQ==&xkcb=SoC36_M374UkHUwArJ0DbzkdCdPP&camk=CPChkbYSGj_l6uwHgwkbJw==&p=8&fvj=0&vjs=3
Full Stack Software Developer,https://nl.indeed.com/pagead/clk?mo=r&ad=-6NYlbfkN0DxtXr6clpO8X4dlJistf8eFtJLd_vZbZUinTLqJQFeOHrpU4K0LyBdv569cXsKmUdA0Du6j8JjEC-ligkXvr5DtuIY6-D-HHRc-4uCkyHW1GCBl1FoiD4jgqNmk9ao4Q-NhcTphUkkZOP9YFaMdOsK3ZXffBb6S5XluLKMCi8lrnrGheyOPMEOnqsrnddmMqUd_W2jjkhYrYSrl_D6P2Vzo-_oxX5J4Dov6XIQsdzgL-8WBwmJ0adwU87JzMNdRDmdhw0A1Vwfv6XVu9ozpODKcSj4if3NCN7mmrZl_iWnZY95A9u-0eFxDahjqDfU44wVUGqt8_rTSsN0S__IJ780dQHeqRvCamXii4Y4hF6rFVXv8G1ICcGR8iWb5WdIEHhdEyQnsXJQazipeVVLQ2_NqEh1H5Z72x65FD_NRwIfeIOhO_JEg_kyVn4dZAfPTgpDoGYptjN-o-Dy9fwBtq5ZxDOGvUJ3DpeVT0MLqKPmk0O4gwRr3OOQi2ZOh5iCE-h-_I2J0ZMNAY8BcFZ39IxbtL5NYNMLeIu2ST-Aon7KoxH11Ak3Qvdn9SVt0zC4VeZCmXQzhRdzMMAZMB8BHAv9p0wMTxYYBuEvHggFsNIvNe7PdYYCKmFwVDRLT9wWQyqME5qbqKl5PMjuU5bAmK3y&xkcb=SoAD6_M374UkHUwArJ0CbzkdCdPP&camk=CPChkbYSGj-C0xZl3Eyk9w==&p=9&fvj=1&vjs=3
Full Stack Developer,https://nl.indeed.com/pagead/clk?mo=r&ad=-6NYlbfkN0CWwwhWsNgag-dckV10T59We5ewgskCLCq5uMp7vqWswZu24n_fUtRvzchXbqSiHjft9idf0w8f5fvPjQFkC218PFPu6WRXqWPDj-6dSMAACGSuLjmwQiF25iYXTOeUMm0Z4ensah7WqjF2IObo4PXVix7HQaP8zErIWZbQ9BloJ9lfQYm7D4ZRakV5v6Z-fhZ1wP2yKFl1JkZ7ke5C9uPowjHXCRxTyf_iIJCJRp4iwBSlXyW8hbGCSyuXYEo69c8_E21EeTPyvLj0ocTvU1izfvwXBgZetSVJm2ZbGVAnojP7tanfndBTAw0ovFJoCU9BluAgNMETcCU0E7Cnc0QvhbFijhEEVayOrR_ONZ8L-jz0sS9p7zwMH_jH13nvUz4ElzKr1xxZq24mdbBubgLG2QCxvim7dMMd7YqxnjZhKXIeZ2ezrzCtg5IJZfDqzowIkEtRC-RZEN5l-Rud25059NiHhbl3tAghSNbZ_zZwcMojUbzegoSivSK9AJArd_kLqXNr6bKRbtMJAK6ivqAyWoo726caw_w1o_igmQ993jKFkBEa0uad8YQpnUn08-ZLHNd9f6mOwANMUDJyXltcNiFlMlLyUP7sivoTGUt-24zJOv0CMJzN-FjHq-9q1HLWs8vWuweKRHN9rP7vXbQoapCF7Y7x4J8=&xkcb=SoCe6_M374UkHUwArJ0BbzkdCdPP&camk=nUmJqO2E8riBHZU9Jm_JGw==&p=10&fvj=1&vjs=3
Full Stack .NET Developer,https://nl.indeed.com/pagead/clk?mo=r&ad=-6NYlbfkN0DxtXr6clpO8X4dlJistf8eFtJLd_vZbZUinTLqJQFeOHrpU4K0LyBdv569cXsKmUdA0Du6j8JjEKSEMZUV22PiafsV_55Zif8zwiwA84RInfhuhF-IwnBJ5nksWvsU7AAXXMB446bZq3NmSblFqV66YGOo25ks59e_j9kia7qhTMtQZTV5bPe-D7YwOFz1eC7b8KQlh99bl6ObSZ7IgSXFaoxosLtZF3YwPgokZyCIVg3tLPlnHiKawwZgcGpeOiyDtHAeEg-scQOGYxXD1VPD9CcIu2z9Jfo9SZMrbqbLjtVXM1M6VlvLISTiklqAQ2axtCsHSqsswzB6SwN0JU1b7svFCj6XIdFz0Zmm_MlO9q87aqbkr9HfIp9RG01AEmUlmc5866tKo-O1sKqsSrUj8E9-8BYH6wmzMuX_M2ne8BAReum8UBZ_MO6rh-wKJ1EuexRIm3ZzcVk0vdGOZpSX1ZhJf8Z_Pt6gDSmyI5WemCtUPQWplCBhhkxHI-MxU9132Tuaaba0ab7en2KlJGS-knswkj7jJ2EDHfOE6U0btnCctJ8TVVovW-37BEYuiOQWKS3nOsRuQ0mUKcehk6PXNtuXWHVWzrFKUkvt_NnEyi81S5ij26OU2X_KaHLpFrJpvukZSKfD0OB9eQujQfstOnDVX3l7UK5vln1R6riOQA==&xkcb=SoAq6_M374UkHUwArJ0AbzkdCdPP&camk=CPChkbYSGj-C0xZl3Eyk9w==&p=11&fvj=1&vjs=3
Full Stack Developer (Exchange/Trading),https://nl.indeed.com/rc/clk?jk=ab097876ae49221e&bb=TaOrhsiRrPocF38WWvX2XTBViaAYkfC8JMje9PtNS8Hhewaqz830v2sZV8afU_QrHzRT52JnyvhJYGlqzeSInEhLDIqn2SmULezacuNrhxlcNzSxWhu_zSmom3NB4VC3&xkcb=SoBQ67M374UkHUwArJ0HbzkdCdPP&fccid=6498a554dd4f9282&vjs=3
Full Stack Engineer,https://nl.indeed.com/rc/clk?jk=bfc2965abb7efe78&bb=TaOrhsiRrPocF38WWvX2XcP2mPfUIowFryDTC545cSGaEXMCGUJaG4d4piK9oSTDTjORHtQ7GsgAnQ_xKbt3pzfZ9T5rOSlgjBVPNUd5Gp4MCvg2oUDxcmlV3JtSZ8Lz&xkcb=SoDk67M374UkHUwArJ0GbzkdCdPP&fccid=080437e7eb31195a&vjs=3
Full stack developer,https://nl.indeed.com/pagead/clk?mo=r&ad=-6NYlbfkN0BJ5-qWh19IJi0wJ7vEQTrsVBymHFWG2dk-KOmfbb4RMtaHLWgVz9sq5OI2slkBKrbUUgGjbVIuXXbEf5aveiz4CvJw9JmvE5rEoVC6Qy15OkmA389iEHCxSO9gAqWx5ADt1y_ETMbVO39oin6Y8DfLXV-Rovw7y-pjemtvR8xdFbhXZWQL62Ak5Q3lV5ny9PAjCAKxuQ_o_Boq4EsNDWEdpcvjQe_F9u57VOqV8n2CZdr-XyujVwtCtwEh4UZGhK3oBXZRllz7C-zv7Tgu3HGE849TbbzA9REk1oEr83L4EwvEYwpMj0mr-YOIkfEklkbaYLBJBFm3lUGkobgjuLFfgGaoD3rQ9b6deAslMwhYIRT170h408qL14nq10Xv_LteYvmwnJ1pdWQJWmP78cfYnHjbkMoXnJ-B7J0jASM6rTfDiciFNP5_xaONKi-dPymNW2_9KISE38I5em8LRxBzPo6mzAQE2SkQg19Qi0DT8yfSmKa0seH18LidCH5WDXqZ_iwFFB-dldEHigygQ9zbIqTnmAzmhLs7KMlMjoccKecNHGnKHPJIczZTcmdK5iHjlWAlH_FEhpy_Dv3dtvx8fqMqGQ0FsvtMQ61uxFrC73wjMbQ9oHWk2Ub_Xb95VcbCHoLZN_qJ8j4LAwuIuGW_rXDehStq5-665mUo1gHO5TXgcOq6yf0eW0Kb32GHEMFVXFM0hC1tVBjstXgSiikrIrm7bmhDtN7YfCsABa1-n-TGBdDOw3CyBg5H2pYglfs_3R3I2dltPFGFs2hs3t8NizE-pat4N9A1lmM38jAzicx6Z5_YA0ouXrqpdWcDT3IxrkG9jEVBddiu2nQBmRIfgylNEtQmOSqPSscPD1FRDmOHpK_ZfsC0WHdS1N8UmVja14R1fh79jlYFuOArcsQFbGd8WbFliGuMfYv7lxWjZllghL140aGlO11Erz7YGnSc6ED6mVeI92SiUaCX8q6gDg6c26b4W2I=&xkcb=SoCN6_M374UkHUwArJ0FbzkdCdPP&camk=nUmJqO2E8rhl-A-3Di5h3Q==&p=14&fvj=0&vjs=3
Full Stack Developer (Exchange/Trading),https://nl.indeed.com/rc/clk?jk=ab097876ae49221e&bb=Y00Q0sL4VwdLAHGnrDSPySiaBb4dHHetxk2bSgkP7UGI6g_RP3ZQaVWzyaVxSLxKczJnGThU97J6a0Qcll5shqReX7F5d9lwLLx0ZWD5HfPhL7_jE0WlFtR_TeLsaush&xkcb=SoDq67M374Uj-_zToZ0LbzkdCdPP&fccid=6498a554dd4f9282&vjs=3
Full Stack Engineer,https://nl.indeed.com/rc/clk?jk=bfc2965abb7efe78&bb=Y00Q0sL4VwdLAHGnrDSPyVGEwB702UZMEe2sDCEM3hTDDF3ImSUwQ0czhXOisg07G4UI-VPUnLFxdpGn5ybfv6f7pogBcjN0W4s9QhO7uLXXCyXowahRvrpsfeJVvXuO&xkcb=SoBe67M374Uj-_zToZ0KbzkdCdPP&fccid=080437e7eb31195a&vjs=3
Full Stack Developer - Consultancy,https://nl.indeed.com/rc/clk?jk=20373e7553493f35&bb=Y00Q0sL4VwdLAHGnrDSPyQWmOcLTJ6PFwWmladZyeLkDmLZJ_brJqlvkhvxeNOPPKcDyoREhDYMRFmdRPw-L0B-RtlkvmfDAnuKXrG20ItnesHwQl8t7V9IF5Or-27BT&xkcb=SoDD67M374Uj-_zToZ0JbzkdCdPP&fccid=1747bb6b3fe39959&cmp=Maxdoro&ti=Developer&vjs=3
Full Stack Webdeveloper,https://nl.indeed.com/rc/clk?jk=89a04a0d2e164e15&bb=Y00Q0sL4VwdLAHGnrDSPyUPb8RLhY1tNFxNmxqMNuYkb-DEZbVk0HGtXCX9YNX7h5fXeE7dPl1hh7lMKDd-aCDVIXOJQ8JN-_PRKg7OLDzxI3nYqoSdBmNrwAkk_lyB5&xkcb=SoB367M374Uj-_zToZ0IbzkdCdPP&fccid=3170cf79089ee212&vjs=3
Full-Stack Developer met front-end focus,https://nl.indeed.com/rc/clk?jk=27944642d6099626&bb=Y00Q0sL4VwdLAHGnrDSPyc0JOqegBzfb6tLKGwIKoiVArwiU-YNmUtcL5xU6Me2vl5RfXmx5-uUAYPTyAJwkUguWc8nZZOUc0wUYUM7r4kwjzHXfP7z4ASNsTavhsfzz&xkcb=SoD567M374Uj-_zToZ0PbzkdCdPP&fccid=323914392bb9020d&cmp=Nerds.nl&ti=Frontend+Developer&vjs=3
,https://nl.indeed.com/rc/clk?jk=4532aa0f3b95b798&bb=Y00Q0sL4VwdLAHGnrDSPyeys8lB5nUgWMCtWo2AlhXdNV-duf-CaAoyamKR-aINPvNT6A0P7galoaGwJU4s9vOP9nRTWyhRtXWCjkqVy4NzeMIzIa6cUq_Jom5v1Ypdj&xkcb=SoBN67M374Uj-_zToZ0ObzkdCdPP&fccid=162ccf26098c08a5&cmp=Aurea-Imaging-BV&ti=Full+Stack+Developer&vjs=3
,https://nl.indeed.com/rc/clk?jk=13d9e70f40088bb3&bb=Y00Q0sL4VwdLAHGnrDSPyUXfLUSUp4wBzP1ybQmfPeG0rSFRrZM0GjrLYKH7sOvxsKFqwdcM3kci0ZI5C6tVJvUjtgAXtiqcZokb9b8RknTXJReMt2syUt3gLX3npjDN&xkcb=SoDQ67M374Uj-_zToZ0NbzkdCdPP&fccid=7ad3c630bb040940&vjs=3
,https://nl.indeed.com/rc/clk?jk=43b017e50f36dc30&bb=Y00Q0sL4VwdLAHGnrDSPyWnbbYbhtfQeWbsrTHioUVn3gHBQLvNpCUVw_05Tp_8MVal-HcxuL7olX5AiHXQ2sf57OVtp0ixnBNfQyZiwbHo4FY3gm398yn4dujjVyVrn&xkcb=SoBk67M374Uj-_zToZ0MbzkdCdPP&fccid=ad5fe0adb0b8e862&vjs=3
,https://nl.indeed.com/rc/clk?jk=eaf7fee7eb13a7cd&bb=Y00Q0sL4VwdLAHGnrDSPydViixkqslFlJSDqlb0NATkgDVR1OH2baBuBrSyN2ouZWqNq3hx_I0pL3suqUjQCmq8TdwaLr_m10h7RY9kUiXwTRNATB2N60yeATgIblK4l&xkcb=SoCN67M374Uj-_zToZ0DbzkdCdPP&fccid=2d9fdc2371baae77&vjs=3
,https://nl.indeed.com/rc/clk?jk=f9e8f49f6baaa00d&bb=Y00Q0sL4VwdLAHGnrDSPyeKmr6fP9y6go-7ab-dxeMV9Xt3CgG5lBn31FpgxmpyXNuCuBDHf7VlENebBHaG83tsbA7rF7lm1JbSg0fbbyWviPITLFwR9dyUt2WeNui0U&xkcb=SoA567M374Uj-_zToZ0CbzkdCdPP&fccid=a216afe17035ba8b&vjs=3
,https://nl.indeed.com/rc/clk?jk=ae87313973228d5d&bb=Y00Q0sL4VwdLAHGnrDSPyeflevpANF7Uw-nsTmV_A9-A03pmUYcOw5q4uRGdEh9yG3VCugsXhRDrH7pjeT9vPOeWM3ZptyGU6F_BTrA64rV1O3yWpmGvhfUuytboLmPY&xkcb=SoCk67M374Uj-_zToZ0BbzkdCdPP&fccid=03ef7c9acd2f2f37&vjs=3
,https://nl.indeed.com/rc/clk?jk=74ea39094e8672bf&bb=Y00Q0sL4VwdLAHGnrDSPye-p92Fq7y4mux3k87eOJ7Lxt6O5fZ7anL9pPgpdaF2ytNHZ0ObzxvtYsPSwConY6ZLiFloWj4oGjzZqrhB_RGIFx2HRok_8wzsQcxN_3Iel&xkcb=SoAQ67M374Uj-_zToZ0AbzkdCdPP&fccid=08506a5d7118108b&vjs=3
,https://nl.indeed.com/rc/clk?jk=90bee6fb386e8162&bb=Y00Q0sL4VwdLAHGnrDSPybj1gIVnihkCUrjXuXVK2SnAyxGm7alrAKTLXitAsBA4WNqWiTv2YEi8AFApxdMHd9eYhne5MpGY75XH3N2JUGhqSXBY7AN7f26qYsYfyenK&xkcb=SoCe67M374Uj-_zToZ0HbzkdCdPP&fccid=931166a18e9a310d&vjs=3
,https://nl.indeed.com/rc/clk?jk=d5fdd416edfdcbc6&bb=Y00Q0sL4VwdLAHGnrDSPyR6JU6_6S29NokX3lvIoFY7GLYfuAPFKx9GeLdE7GsmMiGBDvWOy8p8ZWOxMywSKtHwAnJgTyLM4j_khNFicGQn82eOvBiwAFCf7FmCt2p3d&xkcb=SoAq67M374Uj-_zToZ0GbzkdCdPP&fccid=1f7fc1de51c1aa95&vjs=3
,https://nl.indeed.com/rc/clk?jk=f251d1fc590c4688&bb=Y00Q0sL4VwdLAHGnrDSPyZyfTzfwkmLHCK2bxfuL7YMLC5-B-9uEatAsAbhyAJOPiHCkvVfE_Ui-_YMPRr_93fJaloXGi2fmpcU8S_GSsHDzTowv9sQTx7qky41JeHca&xkcb=SoC367M374Uj-_zToZ0FbzkdCdPP&fccid=2ea8bca700d719f1&vjs=3
Full Stack Developer,https://nl.indeed.com/rc/clk?jk=32319c192d12bf72&bb=Y4v_OMJLyWFrUgtECsRCYY4RdBiz98Cr8QeI3CSGWImpVEjqZsNcgvtV2t-O7vMf657NAeEOqFUDrdQbChEnV8DGapW7VJwo4J-iHi1_H4xwggzIGWOYgBFv3dwnYK6F&xkcb=SoCo67M374UjhKQAhJ0LbzkdCdPP&fccid=1ac225a32e43f9aa&cmp=Formorrow&ti=Developer&vjs=3
Junior full stack software developer,https://nl.indeed.com/rc/clk?jk=576c7a7ffd2fcbc1&bb=Y4v_OMJLyWFrUgtECsRCYcD6pcUm3Ws5Jf2TnePmQgVZ6GTRlU41d-kZgulJeb9IeOIAyLNtnI6w5DgVjCPLIEE0CdfP4ZbtYJo0Wn59RcM6n3w-2OD2Z1LjDYH5xJU9&xkcb=SoAc67M374UjhKQAhJ0KbzkdCdPP&fccid=5ccc129e2d396242&vjs=3
Mitarbeiter:in Verkauf Markthalle Samstag 8h/w - IKEA Klagenfurt,https://nl.indeed.com/rc/clk?jk=8c9ebead6e753cf9&bb=Y4v_OMJLyWFrUgtECsRCYdPh_eZLa_IoRqM9m2g2MTCtWSzs0nXKG93J2xODPNJvBeH2mWHkq-d-p0Mq6_jVKepkBckWcI6wH6Udr1e7_3RvCCGwMwIZtYNNSouThngu&xkcb=SoCB67M374UjhKQAhJ0JbzkdCdPP&fccid=af17ea0d1d6bbbba&vjs=3
"Functioneel Beheerder (BiSL, ITIL, TMap, Nederlandstalig)",https://nl.indeed.com/rc/clk?jk=1a2bbe66fd022855&bb=Y4v_OMJLyWFrUgtECsRCYQFAN_WbPfdhnnTRBONtqKz8C7iqTYluLjrZCXkqCTCqb4VMiTmaRVMfN6cJtXN6ATopU--ndxv2ogIVUbrCNl2PLYpr0eYRFJ58JrEczm7Q&xkcb=SoA167M374UjhKQAhJ0IbzkdCdPP&fccid=dd616958bd9ddc12&vjs=3
Full-stack developer,https://nl.indeed.com/rc/clk?jk=d6b18c785c5b3b4d&bb=Y4v_OMJLyWFrUgtECsRCYQy43UweqD_OYmrdyy9K4aTQAMtz4-DWND9tpbMkZ5eYnOz0jjTYXOSKC2Rt_NNNXwCF89i1RMqwyDM4C14_Wda_9rJtbt0IBcRT5VHhH06Y&xkcb=SoC767M374UjhKQAhJ0PbzkdCdPP&fccid=b096628f31d6c432&vjs=3
Full-stack Developer,https://nl.indeed.com/rc/clk?jk=54fdca6a01faf0c4&bb=Y4v_OMJLyWFrUgtECsRCYY4RdBiz98CrR3KwlLYb8gemH3fMwMjOTfyORctwPUcRXF3TOlNtKzHvQ8uu8Z6cxTpXgz2_tHRxxrRk3ib4ZkwvgikX5VXvkcrUw_a7dBYb&xkcb=SoAP67M374UjhKQAhJ0ObzkdCdPP&fccid=c7214d931cdc2b6e&vjs=3
Cheese production worker,https://nl.indeed.com/rc/clk?jk=04181fbebad15c83&bb=Y4v_OMJLyWFrUgtECsRCYW1lGQyZ9watqHfi_cxPBWpx1AFyUAvq5LpupsC1zlE300XCu5p_RWMmpAG9eyVSei5ZNDCm6Y_qzuRs_1ZcEUOkPc7kH3HjANPulFT1TDML&xkcb=SoCS67M374UjhKQAhJ0NbzkdCdPP&fccid=06f2e62035d3bb81&vjs=3
Full-stack Developer (AWS),https://nl.indeed.com/rc/clk?jk=a11606c507fc58dd&bb=Y4v_OMJLyWFrUgtECsRCYak2KenThtGKA-SjpVEk6eooqJrKE22OyiZyrWo9MMFq9_Uj6bUnwPTW9u_0_qoH8yXvVmThHFU1oMoVErAwjA9QZLPw-yD5y9OSkmJUJ88U&xkcb=SoAm67M374UjhKQAhJ0MbzkdCdPP&fccid=67ad5b86fee21458&vjs=3
Full Stack Engineer,https://nl.indeed.com/rc/clk?jk=8b4470ff5c430194&bb=Y4v_OMJLyWFrUgtECsRCYRdrvn4Gz_RG8uPamYLLTfU8f6Mg-c8_6EtxVOwI7t19_jNoJm0ETjsVPkRWOv8Po9g0be7-afbhS8oMSkJnarxyRadky55F7xAcIWjE4KNl&xkcb=SoDP67M374UjhKQAhJ0DbzkdCdPP&fccid=503f67f8aab3c181&vjs=3
Software Engineering Intern (2025),https://nl.indeed.com/rc/clk?jk=81a51be3ec53bf09&bb=Y4v_OMJLyWFrUgtECsRCYW7K0w0bgRWM_pZZ5M9zlTcXluz7K9efmV-2S_68flDkS9Zpu3jwPr5FAS5SzaePGHUqC23E1YLYLA392jxPT0Xj5gS5Nvq0QTyf6PuJaSr1&xkcb=SoB767M374UjhKQAhJ0CbzkdCdPP&fccid=3d0f7ba22a49432f&vjs=3
Full Stack WordPress Developer,https://nl.indeed.com/rc/clk?jk=2971ea129cc14dd0&bb=Y4v_OMJLyWFrUgtECsRCYTz1Tp4b5YMMCFfTDJ_1yD0MzvdqLg-2n-nI2nghfzQBAviDxHuNm6_EoYBMo5qBbxXdz2ST_w5FanrQOpfqnwrz-SWjaoN14ZYA1984YF8R&xkcb=SoDm67M374UjhKQAhJ0BbzkdCdPP&fccid=3328b29bccec6b0c&cmp=Social-Elephant&ti=Developer&vjs=3
"Frontend Engineer - remote from Europe, 100%, all genders",https://nl.indeed.com/rc/clk?jk=58552bacb00db70a&bb=Y4v_OMJLyWFrUgtECsRCYY4RdBiz98CrUCRCrlMSE4ZAn9EZ1Ynl2yBtas_8kLg1YgHQwhsP62Bu1gv5Ue1Eo7yHElspFzH0qUGciK2E9bkzaE9Wn-2aUVEesd9HC49H&xkcb=SoBS67M374UjhKQAhJ0AbzkdCdPP&fccid=7cd3a7402cc3d7c0&vjs=3
"Software ontwikkelaar (Full-stack developer, Medior) bij Eaglescience Software",https://nl.indeed.com/rc/clk?jk=4864a3260e2ad908&bb=Y4v_OMJLyWFrUgtECsRCYRsN7hc-DypenyQjY3hT5D9SvfYgfJpE59bU4RDWmNiSEP-3TXcyuU5DdPSRHdNIQ16F4xIt_JccA5SoPlYHEz3K4J7gPLpLuc7S4zcri18M&xkcb=SoDc67M374UjhKQAhJ0HbzkdCdPP&fccid=8829d8e921e77b17&vjs=3
Full Stack Developer,https://nl.indeed.com/rc/clk?jk=e503f539efd06b4a&bb=Y4v_OMJLyWFrUgtECsRCYUUKdOS8xd8Rd6uT8JKIpAkFAkTzVdxvzydQ2i_XAKuhXt-sVlLH3KjLSR8IXcBO7TV0fFE8JKDR-6YWJxOP9DlTV7wQ4_5rwJs44zJt_s9a&xkcb=SoBo67M374UjhKQAhJ0GbzkdCdPP&fccid=be1882931d08731c&vjs=3
C# Software Engeer vacature,https://nl.indeed.com/rc/clk?jk=356dfdb950042e04&bb=Y4v_OMJLyWFrUgtECsRCYb7LjbrSrnQzN5UQlrBpUoHgvKqlwAIyNeIDIpMoXtP2Oc5khI6zz7VJy160VVekeiXFnOloGoU8U3nN-MGG-k7hwY_bN5uJLEmZHFpJnNgE&xkcb=SoD167M374UjhKQAhJ0FbzkdCdPP&fccid=e0c61e2300fe3a57&vjs=3
Full stack C# .NET Developer,https://nl.indeed.com/rc/clk?jk=145cb562ef1125f6&bb=ZuYWKGIUphhs2mgWy7o8fbKKjcxibOAsFw-BwTYHfDvp8FM9k8Fr_MMOGygKRrr8OH0OaBtWWP58_knXpG3uff4QdUrOM-RsCjeZpI6rIpeHCabOmtQV1SITc-nSSm2F&xkcb=SoAW67M374UjSqTmzR0LbzkdCdPP&fccid=60bf4608019c2f18&vjs=3
Software Engineer (.NET Full Stack),https://nl.indeed.com/rc/clk?jk=aafc2f336712da83&bb=ZuYWKGIUphhs2mgWy7o8fbuu6PB8vYQZcZMa1yIfqd-g9M_Sbwo9SqBvkfOEyLbH_01Fuep5q02wRI1QKhHXpnAi13d7VfDzqritF7J23gMdkoHNR_t4bQseJrBWwEzA&xkcb=SoCi67M374UjSqTmzR0KbzkdCdPP&fccid=fe00042399591a6d&vjs=3
Software Engineer II - DevPlatform,https://nl.indeed.com/rc/clk?jk=9d30edbbafd61d13&bb=ZuYWKGIUphhs2mgWy7o8fVYo3RIgO1-U7M2al811hnefC5GRZIWVT2ULMWM-jUg7M9jvJhARbHdktkeVX2I3UwmdDMvhcLRjWA6wDZVFuVkEVR-ED36c_m84nQaNuLAe&xkcb=SoA_67M374UjSqTmzR0JbzkdCdPP&fccid=f766f8bfbc3effb7&vjs=3
Full-Stack Web Developer,https://nl.indeed.com/rc/clk?jk=d92915be7407d671&bb=ZuYWKGIUphhs2mgWy7o8ffLKvkl0e-rRfH772IqUf4X0q44irpEHvecBL5CICzff1veQqMmQYPL8IuLpx4SzfiQTpstjhdJdnyc9bGbDhFJvtdNhV0fH-w%3D%3D&xkcb=SoCL67M374UjSqTmzR0IbzkdCdPP&fccid=105ecfd0283f415f&vjs=3
Full Stack Developer,https://nl.indeed.com/rc/clk?jk=d8dcc15b267e97c7&bb=ZuYWKGIUphhs2mgWy7o8fVE8Orp6NSYDLS0S96vH4SZrV_mCdAg_DNFZGB27u6UpU7MdIp8a9Vk8ca7MlKDGLqGos8PWCJh2PeNbY9v0mZeJdvMBB6ioH5GW7D3aNBQV&xkcb=SoAF67M374UjSqTmzR0PbzkdCdPP&fccid=6fb1c0e23fa07a1b&vjs=3
Backend .NET Developer,https://nl.indeed.com/rc/clk?jk=c2b9f01d530f450c&bb=ZuYWKGIUphhs2mgWy7o8fVMUZaWzsMUgVDuBnW310rPycn5PW3E_8DEOHsP126uVVtP6YvfyDf-SERUMLhGhQsHheQVtJx1n52AIdcJklXEv6h4P_k_danJ02XuMus8e&xkcb=SoCx67M374UjSqTmzR0ObzkdCdPP&fccid=5a374cafe877c425&vjs=3
Medior Full-stack Developer,https://nl.indeed.com/rc/clk?jk=3eca359e09dd9248&bb=ZuYWKGIUphhs2mgWy7o8fbuu6PB8vYQZChjGtGhufjtqAnljUJc1jK_hHZy8WB77QU5-BcJLZEoOAWUiZ47kjPwOqd3J4ZFIfo3RZcMM7dJWSKOw7J-HXfkAgnQAwQl2&xkcb=SoAs67M374UjSqTmzR0NbzkdCdPP&fccid=7c1b6e7a3c0496ea&vjs=3
Full-stack developer,https://nl.indeed.com/rc/clk?jk=8074849fb3dac80c&bb=ZuYWKGIUphhs2mgWy7o8fXlDahNM6EsMegi96I-WeA1UCebLq6VxontbZ4E1vwOaGJaK4o1u5XNq5JjXkSzwnMmRE5iAXyPAsm3FayzMIhCvb_gkxcGQgsRojNPyMkDt&xkcb=SoCY67M374UjSqTmzR0MbzkdCdPP&fccid=c35142331b33df17&vjs=3
INVENNA: FULL STACK DEVELOPER (.NET EN ANGULAR),https://nl.indeed.com/rc/clk?jk=1f6cb86f58770b92&bb=ZuYWKGIUphhs2mgWy7o8fYoz0rgSmfGrmpWApyaA9Ncmh78ZxQUIC9iJVV_p0ylwVFke_uH2RhnierdZa79G_d-JHN9KCpEspGj4E2ky2Zqtuw6C9F0nFvm10br98fMX&xkcb=SoBx67M374UjSqTmzR0DbzkdCdPP&fccid=1a30f0e705d30bf9&vjs=3
Construction Robot Operator,https://nl.indeed.com/rc/clk?jk=4352afc23f6a1c3e&bb=ZuYWKGIUphhs2mgWy7o8ffRFjCLFOZ3O0d0g9QkyQ4E2EKaGt9GEBLntNjwA4Pm-mEOSUT8fSuEg195YQpzPLCCNoHb0TJdJAf-5h2C3l0dVtTDt_wuf1BMAzqnqk_Y6&xkcb=SoDF67M374UjSqTmzR0CbzkdCdPP&fccid=c72eeea4161748f0&cmp=Monumental&ti=Construction+Robot+Operator&vjs=3
Full Stack Java Developer,https://nl.indeed.com/rc/clk?jk=2d49443935919d41&bb=ZuYWKGIUphhs2mgWy7o8fYu8Lqqi3IKjbPpKAov8vbowwW9kTYQ2ko0iLk2FHZkP64s47OFmqHt9R87R71NXMHzcX3c4MAwJMTUI97hM1ZsqhSVXff0M2k8P6EKIBFV8&xkcb=SoBY67M374UjSqTmzR0BbzkdCdPP&fccid=1d22e2dfc1ad8927&vjs=3
Full Stack Developer,https://nl.indeed.com/rc/clk?jk=cfc804126d948a5a&bb=ZuYWKGIUphhs2mgWy7o8ffpTcl6W3m9kGgsJ8zehOKzqA8dQY2Fu-FIIon0BeuAQJBE-kgRcgAD-YtY_4kYmAgmouhLSZdG2oQJj-xRyTyxbjTSeyPag0jp10Q6THYqh&xkcb=SoDs67M374UjSqTmzR0AbzkdCdPP&fccid=c963e6700f32559b&vjs=3
Full Stack Java Developer,https://nl.indeed.com/rc/clk?jk=7dca1ff152356690&bb=ZuYWKGIUphhs2mgWy7o8fWOfuI9Zsa-XrN0eoQyrFyU2gboVtST7hY742VRQn5TOP8b61F5nDiilRP7N1671ndhz9rKa9NucM_RWA2ZUuIVUqJmV6xOEXmwoBpCauNqv&xkcb=SoBi67M374UjSqTmzR0HbzkdCdPP&fccid=47a5a60f62585d43&vjs=3
Medior Software Developer (Full Stack),https://nl.indeed.com/rc/clk?jk=7faa00b7c314add3&bb=ZuYWKGIUphhs2mgWy7o8feu5lQO1jent88WsrAXTKqvX1Y9BxCQFmSybOEBSlZ0RgxaSCvfm2Yg21ygIxG-8ZyNji4TyHAHzkuGCxZacw_GUOGEYEWJ5Q_CO_ciIbWE5&xkcb=SoDW67M374UjSqTmzR0GbzkdCdPP&fccid=388c76377e74d478&cmp=Cyberfusion&ti=Software+Developer&vjs=3
Intern or Co-Op,https://nl.indeed.com/rc/clk?jk=ae3435a64185b3d3&bb=ZuYWKGIUphhs2mgWy7o8fczmqdHDn4_pNwiSRcSCzdPhXG9qWkzlzolkTsv0RADIsz3Yb6no0mDkM8ldaE7PYCzMyMdiFnaXosdIo54QXKwholcnTRhg61DKO8k_9B62&xkcb=SoBL67M374UjSqTmzR0FbzkdCdPP&fccid=67d56ce70fad8fe0&vjs=3
Medior Software Developer (Full Stack),https://nl.indeed.com/rc/clk?jk=7faa00b7c314add3&bb=WyZhebei0lgGPn3tyvvP2GbLhNaHOkALz2rpo0Fo__-5qzgYnu_yv1NGUMOKlEYXyMpQ13ab4r0VhDBQvdXPACuVzhXW1euRwKbEZz3Jkv-C7ENRHQBLU7F22fafsuIi&xkcb=SoB467M374UjHdTTkR0LbzkdCdPP&fccid=388c76377e74d478&cmp=Cyberfusion&ti=Software+Developer&vjs=3
Full-stack Developer,https://nl.indeed.com/rc/clk?jk=4ae3633eb72d0ccf&bb=WyZhebei0lgGPn3tyvvP2AgtHF7kjgpOSJa5ZYH7HKKbvN6Bz4BK8Cg_VXJdT48XPLbMcbm8l21rjMBaRhxZ_clOTLFaHHQEr_EjwT-dIGKcoFkukUxgPJR2d4JeNOYO&xkcb=SoDM67M374UjHdTTkR0KbzkdCdPP&fccid=48130896f9a34bb0&vjs=3
Machine Learning Engineer,https://nl.indeed.com/rc/clk?jk=003def638c52ae33&bb=WyZhebei0lgGPn3tyvvP2FVnfzMXDx7V62xXWpsXbcIBmj_ujlsCbKwVqISZT65ghy3Fm39WOWKCKfJRnldiKcwJXtrpxyK1J2QrNUAMX1Rgoyy4xxmDH7oedjdtdw8v&xkcb=SoBR67M374UjHdTTkR0JbzkdCdPP&fccid=0dcba9e65037a99b&vjs=3
Frontend Developer,https://nl.indeed.com/rc/clk?jk=c5ab588ebe8fa613&bb=WyZhebei0lgGPn3tyvvP2HnIXDCzCm796kNeX_qHLk4u1L047t2neWCYO6L-XkWpJ5IZ0T8lAJHwHaPd2zqb1hQLfTUzaWSydD9c1wPF_otVNM4UT_EfK_js55GltURs&xkcb=SoDl67M374UjHdTTkR0IbzkdCdPP&fccid=5a374cafe877c425&vjs=3
Productmanager Energiesturing,https://nl.indeed.com/rc/clk?jk=e66addabb0aa7a14&bb=WyZhebei0lgGPn3tyvvP2GbLhNaHOkAL-q65RcyL-sNNTsOoK1FphCUOPfJiNkDsX3i_74YESJxEcwFXMeoRpYy2yg5QNXlaof_kQ3QhaEYYN7RcjCAh8cVvLklrCWyw&xkcb=SoBr67M374UjHdTTkR0PbzkdCdPP&fccid=a338ca6a8cf88bec&vjs=3
Java Full Stack Developer,https://nl.indeed.com/rc/clk?jk=b5671ea12a8caf41&bb=WyZhebei0lgGPn3tyvvP2DoOEAdipSNFvxFB5R0pfWtBzvIzq8ki43mO4LhHlvuqaQmHDAM73a9BbJtQWHRuNB_qg5n8Pp-UXD9PmQIwRtq-x1Mx-9QsbDFIY7F0Nbxk&xkcb=SoDf67M374UjHdTTkR0ObzkdCdPP&fccid=7fc2cc7ef64c2809&cmp=Adroit-People-Ltd.&ti=Full+Stack+Developer&vjs=3
Reachstacker machinist,https://nl.indeed.com/rc/clk?jk=945d58f2b61979f9&bb=WyZhebei0lgGPn3tyvvP2MGcNqDPiZARdoEgGzcxbtN3PipcZ24DL80Q8TNxfYZvSSA-5-x2WH_qMrFJyDxaGNNZzhhnK6FCFoQurRnO_F4QTT6rWy8CrTAGhZz947eF&xkcb=SoBC67M374UjHdTTkR0NbzkdCdPP&fccid=c7cf737bed020bde&vjs=3
Stagiair(e) Contentmarketing,https://nl.indeed.com/rc/clk?jk=11013c3c910b2ab2&bb=WyZhebei0lgGPn3tyvvP2MvDjaM4Y82Nd46nsmEQztzsz7gT_xg6aQQRHc3lIzDtgCXantiFBzrTHykaObcGBcqODHYmWS4lVXjsDWRlucssoHIDP__6kqvPhpHpOJGf&xkcb=SoD267M374UjHdTTkR0MbzkdCdPP&fccid=25db354ae455e87f&vjs=3
.NET Full Stack Developer,https://nl.indeed.com/rc/clk?jk=86e5b73a8a4cd2b0&bb=WyZhebei0lgGPn3tyvvP2E3P_smoGEk69GK_P8Py7q5jkU4AowO64OPK9hBOC_PaUeqONr--ckaAlNCLXDfnU0qtz0LuoBgGZezcL-f9s62t2yRd26ZLY0tFFtmIdzdm&xkcb=SoAf67M374UjHdTTkR0DbzkdCdPP&fccid=03c54362c8ee3063&vjs=3
Piercer (Amsterdam),https://nl.indeed.com/rc/clk?jk=8182d93de787602c&bb=WyZhebei0lgGPn3tyvvP2EaAb71Dfr8qWPr3xajTtz1WY1YWlIQ--dnErhWPgjfEh2s5DR9gneE2Z3ITE86R7lq9tLMWphB69uspvaa5ANWOrO-HBSuu5wf9zl7bZPXl&xkcb=SoCr67M374UjHdTTkR0CbzkdCdPP&fccid=b3751c526a684aae&vjs=3
Software Engineer - Node (100% Remote N Europe),https://nl.indeed.com/rc/clk?jk=f69b9d76b97ee0f3&bb=WyZhebei0lgGPn3tyvvP2J5DeAXEQmI4cfF8ebEVOvK-DpxE1G-52aBq7ubPG-gCWOTyHs53cqnHWAQFsFvZ1loVe6S6e_twgaMrFNO39hpkNhifBxsaJxrWTvjlJOKZ&xkcb=SoA267M374UjHdTTkR0BbzkdCdPP&fccid=84b679fdbe007ce4&vjs=3
.NET-developer,https://nl.indeed.com/rc/clk?jk=1964f1b1e4fc9685&bb=WyZhebei0lgGPn3tyvvP2AfytVU2mVMkURQ1Dc_JKMB3OYO649yqdjkmjkFSsAV-49I93jrCD7svQAZOmxWFP-s2RUYs2FC7Yzun9cIFwphDl1ZSCPJKdN3pOOCvUEpb&xkcb=SoCC67M374UjHdTTkR0AbzkdCdPP&fccid=6b6991ca0a8c6d5b&vjs=3
Software Developer,https://nl.indeed.com/rc/clk?jk=3ff0533f61af4efb&bb=WyZhebei0lgGPn3tyvvP2CD2PNpKHpIblXDwLMlyf8uGt-nPLGLazxR1RSydcOitYBVecwnda5tGsbcaVkRYe6TQ8ol1P2RLk6ApwknBNvH-yhf10xVQAfyGscJk_2sN&xkcb=SoAM67M374UjHdTTkR0HbzkdCdPP&fccid=7860f2990cfe0eda&vjs=3
Java Full-Stack Developer,https://nl.indeed.com/rc/clk?jk=de7be66e75dcd434&bb=WyZhebei0lgGPn3tyvvP2PLc25wzqqflEtJQQMigPwuTspYrDv0DdJIz59fou5QJScaYlwdxB2zTTolmViUOe6TTEz37lXi67dUncJTkiQ2BHb-NLmAvgBGnSyRmYzOA&xkcb=SoC467M374UjHdTTkR0GbzkdCdPP&fccid=b62edc60aa1ad626&cmp=Adroit-People-Ltd.&ti=Full+Stack+Developer&vjs=3
Software Engineer (FMS - Inbound),https://nl.indeed.com/rc/clk?jk=1a153e8ffe4d24af&bb=WyZhebei0lgGPn3tyvvP2HwAVmUwuOAy5mO6FmFLIjb4m5FfXK5www55ec0YuDkTxBTE4TEPAFlB9BhHha1L4317aMF1Il2e3lSzy9l_phVHAHJ9vyvoP5vWgH3U6kfx&xkcb=SoAl67M374UjHdTTkR0FbzkdCdPP&fccid=af17ea0d1d6bbbba&vjs=3
Software Engineer (FMS - Inbound),https://nl.indeed.com/rc/clk?jk=1a153e8ffe4d24af&bb=MDlJEu9_tv63V3rnw6ZDWfX-Jtt55NI2oQhadYzV5ZbZW77bkkLD1QROHQbPeM2jQh60h3v12scCuGCu-ULxV8oPj82a1gXZs3Npoiy0U_M56yOL2dzMSbHYBirbmkJm&xkcb=SoCY67M374UjI5QArJ0LbzkdCdPP&fccid=af17ea0d1d6bbbba&vjs=3
Software Developer,https://nl.indeed.com/rc/clk?jk=3ff0533f61af4efb&bb=MDlJEu9_tv63V3rnw6ZDWTy6BtdFiksw6wpU1Gri96mvZfcLow2o4XhbmOqFUFXqbkXqvg63iJLkoBwOBngMwkD63J6Icqex9wgksHLPoG-ZscED34Pke8D-sfPXS3oR&xkcb=SoAs67M374UjI5QArJ0KbzkdCdPP&fccid=7860f2990cfe0eda&vjs=3
Java Full-Stack Developer,https://nl.indeed.com/rc/clk?jk=de7be66e75dcd434&bb=MDlJEu9_tv63V3rnw6ZDWYYJT_ifA3y4YdhjB_QDeUh1jxFG5r5jY7mqhw7KYGvzXTmNiIzocW-Jxy5_4RQskClm0eofodu5_7NB35vHUZfQ4Fv1zi1sJRwIqp57H36E&xkcb=SoCx67M374UjI5QArJ0JbzkdCdPP&fccid=b62edc60aa1ad626&cmp=Adroit-People-Ltd.&ti=Full+Stack+Developer&vjs=3
EMEA Solution Architect,https://nl.indeed.com/rc/clk?jk=a5bcd5d8c25383f7&bb=MDlJEu9_tv63V3rnw6ZDWf6hecERNE1PjIExMcs37E9SXV1ZMTRR2CijS7sqqj8dya5EE4e7Jas5IAjcvHEiGVfj13j0vp-oJiX2W9VoSC-f_lFQG5QIoQ%3D%3D&xkcb=SoAF67M374UjI5QArJ0IbzkdCdPP&fccid=1704ead70cf70c05&vjs=3
Front-end / UX Developer,https://nl.indeed.com/rc/clk?jk=b96820f307dada06&bb=MDlJEu9_tv63V3rnw6ZDWXYWc6fdrhKGPGm2z2OClp0sJHWA4xv0ZfffgdvAkkhsbOrwMMC18HxsAjSDSNLInvNqhGFlWxTTRxBG1eJlJODjBQGT2JO-t5o8LQrqNelc&xkcb=SoCL67M374UjI5QArJ0PbzkdCdPP&fccid=f1674a503ba436f6&vjs=3
Microsoft Data & Innovation Consultant,https://nl.indeed.com/rc/clk?jk=6304d411d61f3283&bb=MDlJEu9_tv63V3rnw6ZDWerWxuQMyip1O3AWpJEYvk9qyOj3eQStRr68iZo3jeEgiGupqA6bdqGsQBCC_2rEe6IvvD1N5NMpAoiYLe7kbYNJKDPVyxMsUg%3D%3D&xkcb=SoA_67M374UjI5QArJ0ObzkdCdPP&fccid=2dd390c3a48a7ed0&vjs=3
"Software Engineer II, Customs",https://nl.indeed.com/rc/clk?jk=e393c2f57de04aac&bb=MDlJEu9_tv63V3rnw6ZDWY2-CoEpK1GGdA3aqyHE1o2kdrHNJzV_hmeieirgvvwfAEaCOye2WxS7VT62KsHVVXk29z-jnSW76a0PyFo8KYXWXCNJ9B9iU0nyxtdkA4xw&xkcb=SoCi67M374UjI5QArJ0NbzkdCdPP&fccid=ed6e804e3c0d17bc&vjs=3
Medior Java Developer (full stack),https://nl.indeed.com/rc/clk?jk=2a164d728a5860f3&bb=MDlJEu9_tv63V3rnw6ZDWWnfl6NRlJxDKtrcOcxxykLOh4atX3qUZMVjwAYBI6ZAZUBZEBCg03-PM1SQM1YLjskfMkkPLnilg3qzx-royMZRS1TO8PusaXfcv9nqm3I0&xkcb=SoAW67M374UjI5QArJ0MbzkdCdPP&fccid=e78441dc07878f0c&vjs=3
Full Stack Software Engineer (f/*/m),https://nl.indeed.com/rc/clk?jk=ea2b9e3c4d9988b8&bb=MDlJEu9_tv63V3rnw6ZDWXajBOPvNbXhUhePDKpq-7tVBujuMvRPkcs39COzdvBmU6VIjN8sNx-HQTlAVuV1rg-PPYgjuMhl3cNiScOsZED_yCNsQwWmJNOBWO0vO71P&xkcb=SoD_67M374UjI5QArJ0DbzkdCdPP&fccid=d786bcfbf2466971&vjs=3
Financial Controller,https://nl.indeed.com/rc/clk?jk=67cc711b372c46b2&bb=MDlJEu9_tv63V3rnw6ZDWQw14qxsOEiJ02D0LS_vKfH282f04dGhZ7TdORYXwpEaXOQdvjKJT2HL4MfUSFQaWI3WrJOHDQILkGp6EOgpC8RHbSM7ENqWI_facu9m6nMi&xkcb=SoBL67M374UjI5QArJ0CbzkdCdPP&fccid=75be652db60c264c&vjs=3
Full Stack Java/React Developer - Amsterdam Zuidoost,https://nl.indeed.com/rc/clk?jk=14b245c491dc02d6&bb=MDlJEu9_tv63V3rnw6ZDWdhoVpIgKnuuM_5u7f4fP_Mp7SQvcACK5PqVztRCbnAAvUOgY9rZTowqXvmGFwUrQkT97Ev4G42IEJDKo6yYwCpq5NZTG_zirA0mna85_NiQ&xkcb=SoDW67M374UjI5QArJ0BbzkdCdPP&fccid=c4e4fb8714a726b4&vjs=3
"Software Engineer II, Trade Services",https://nl.indeed.com/rc/clk?jk=b6bf9717a195fea3&bb=MDlJEu9_tv63V3rnw6ZDWYCV8J5j1_KnFNcnGwCPkcOLwh-AlZkD9wfhy0AiAF4lbjHUDcGLJxo9qAY5qFcBtpHTm3PgghTRma33NN4FLsnd9Me9mLDFAVSmxfPvU_RK&xkcb=SoBi67M374UjI5QArJ0AbzkdCdPP&fccid=ed6e804e3c0d17bc&vjs=3
Product Owner Virtual Machines Azure & AWS,https://nl.indeed.com/rc/clk?jk=752a5a9880ac4100&bb=MDlJEu9_tv63V3rnw6ZDWdjFPGbeV8lAkI81ZzO1ALEu8sEmNybNfRSqJ4rLE8nTLdiWlyQ2V_uSbtRifLPF-uSaZpPwlY7YKWwK5f2OIWlcQ94bLx2f0w%3D%3D&xkcb=SoDs67M374UjI5QArJ0HbzkdCdPP&fccid=db0b8cca1616eafb&vjs=3
Full Stack Developer,https://nl.indeed.com/rc/clk?jk=9bcc369134a15ae8&bb=MDlJEu9_tv63V3rnw6ZDWXVFzPwTaJYPB-QEDvS4oDy8UhcqhhgYZtaQI5Kef-nRbxNkv_fVd4NL3kVQkf0YpmhOO-IeZNry4t2Srs4Rq4QNwA8cjIg5bz52NXRiD2jw&xkcb=SoBY67M374UjI5QArJ0GbzkdCdPP&fccid=2d93ca1aa6d29547&vjs=3
Product Owner - Observability Platform,https://nl.indeed.com/rc/clk?jk=5d46fa57b87999ab&bb=MDlJEu9_tv63V3rnw6ZDWQw14qxsOEiJdnjBnTCaP-wC4CZ4CFzXyeSNU42xSGydmf1zB1W1vlw3w07IrilaVZP0dNuUTx5qAdlPhHULD91k5Hh_1ggpGJwa60Rn4z9x&xkcb=SoDF67M374UjI5QArJ0FbzkdCdPP&fccid=ff455676049af883&vjs=3
"Automation Specialist (Temporary) - Remote, based in Europe",https://nl.indeed.com/rc/clk?jk=f5c1d1e3db08862d&bb=84115z3ZkPlKZhN8iMbzDOHDvUtspmEDTmtxQrTpVmvuswK1L9NFl2OiRzhhO4iUGs4DTVKyNBjDkz5ZKu0wj5IhFPYXCcpfypIqrjFIClyDW-xtXihPeu0bXzRXYhxz&xkcb=SoBi67M374Ui9HQAhJ0LbzkdCdPP&fccid=e2414a4268d2346e&vjs=3
Werkvoorbereider Meetdiensten,https://nl.indeed.com/rc/clk?jk=8b386d870a667a3a&bb=84115z3ZkPlKZhN8iMbzDARgMooUN33LzHmxVQ_ZZj4ZChnjV5SbOMOVeuPl4EJe-5UpuXEMte7goovPK1U44a9BJEogyFXEUyWEN62RdEE67CTcOfywC4iZmY0rl4ty&xkcb=SoDW67M374Ui9HQAhJ0KbzkdCdPP&fccid=a338ca6a8cf88bec&vjs=3
Full Stack Software Engineer II,https://nl.indeed.com/rc/clk?jk=ead997574d9bd52c&bb=84115z3ZkPlKZhN8iMbzDOZ3hvsQ5DMWXyKJSaOG86oF235u556ZAvLuSa2V_AFn0WC8a_rw_YoPeyPLof_BGVJhcIerAKWJMzthfFh_yOD9F6lPxSn3FceR66wsSZMm&xkcb=SoBL67M374Ui9HQAhJ0JbzkdCdPP&fccid=62ee2fabbf8c93c5&vjs=3
Principal Engineer,https://nl.indeed.com/rc/clk?jk=ba00a01a77dc3032&bb=84115z3ZkPlKZhN8iMbzDNNLVLUn_GtZiyDyJukN_zIGG1VXkprhROJGvQ41QgxFwehgys5rEFbXDCddDTyiRMIMCEXUJTmBG4Gm-6KvKICeuWFROhxq1ILZyHSXJB3Y&xkcb=SoD_67M374Ui9HQAhJ0IbzkdCdPP&fccid=30961b2fbb3df273&vjs=3
Blockchain Developer,https://nl.indeed.com/rc/clk?jk=3c30235af299d959&bb=84115z3ZkPlKZhN8iMbzDHHlMryIC7V8R-I8N33FXBFivkZN_GEThbKt_0Grj5hLxKtFvVPR32gxfhXuxYvgen7paGZz5FvFGvTCaZ0Ojs04tELzC6wsfodmKE0m4HzN&xkcb=SoBx67M374Ui9HQAhJ0PbzkdCdPP&fccid=ad5fe0adb0b8e862&vjs=3
Regulatory Product Compliance Counsel,https://nl.indeed.com/rc/clk?jk=fe9e4a5bbc1e1b4d&bb=84115z3ZkPlKZhN8iMbzDKodSdZQy6s6W7rbck71uLxQm63h0E8OWjr5diEHH8uGXHREZc-ABXiX7YLJD3p4ED_GReqlA80J8Y4n7SwKCytgWsiRIxLjgU3P8G9wh0WZ&xkcb=SoDF67M374Ui9HQAhJ0ObzkdCdPP&fccid=b5c24474d328dbc6&vjs=3
C# Developer,https://nl.indeed.com/rc/clk?jk=52f60346b7c35330&bb=84115z3ZkPlKZhN8iMbzDE2oFF_JMgZKJH_V3ph2ogsmpY6VU79fLXxBzYdwRcO24hk03NPaAtKemZ1BdM7e_sLS0iho1_Xs0T0z-MHNQk39_fQEANv5BmiWOTRt7Xfz&xkcb=SoBY67M374Ui9HQAhJ0NbzkdCdPP&fccid=6d7df06d6ef892a3&vjs=3
Mendix Business Consultant (jr),https://nl.indeed.com/rc/clk?jk=34f92ccc37ee5d0d&bb=84115z3ZkPlKZhN8iMbzDEXnv98G4XD1ikPl7GSy7db5mga5whb_Tt37XI5UgwFioXoeepk2ETQ0ynbyvgMG6lYK70daJbLG5Gihs9X-RgZ7nwOMubsnVbLfDg8bRE4r&xkcb=SoDs67M374Ui9HQAhJ0MbzkdCdPP&fccid=03ef7c9acd2f2f37&vjs=3
Java Full Stack Developer,https://nl.indeed.com/rc/clk?jk=c1fc2c02ce949a46&bb=84115z3ZkPlKZhN8iMbzDH1vzatylYkwLojjEmHd6pzP6jtMYONANkifnKP4rnEmup9QEHirg83Uzz7oAzNq8pznQChheEtKiXoL3fR4UQpJn8aexk2D-SN8fx65M-3i&xkcb=SoAF67M374Ui9HQAhJ0DbzkdCdPP&fccid=500e11a947481f9a&cmp=Adroit-People&ti=Full+Stack+Developer&vjs=3
Mendix Business Consultant (jr),https://nl.indeed.com/rc/clk?jk=893ed08d89866a5c&bb=84115z3ZkPlKZhN8iMbzDNCZZcrLUETRQr5BR8IHFJOgwu4GERO-jeMQS0u-cR1BQioJlQctv-Zbr6v9ggr-XY4oQBAEb86R7UYzFZpHKea2DzJqQbyRD1d10AGFrN9B&xkcb=SoCx67M374Ui9HQAhJ0CbzkdCdPP&fccid=7ad3c630bb040940&vjs=3
Python Software Engineer,https://nl.indeed.com/rc/clk?jk=5efee80fa049976c&bb=84115z3ZkPlKZhN8iMbzDGTI_98-P7hC8_A_ZT25FmO0EjqJuw3C4q4zlkRc5URcLaYakQo22qTtLdJ-ouCRBr037Ku8sIVwr9r5kMR83LHBQT8tjWUcDdVh-bhECysH&xkcb=SoAs67M374Ui9HQAhJ0BbzkdCdPP&fccid=93998d7f12d61ef7&vjs=3
Consultant for our,https://nl.indeed.com/rc/clk?jk=57481c83cbeb6057&bb=84115z3ZkPlKZhN8iMbzDFmasB4wpClwTyCgcpOKTQ1SifITzVdlI6u7XR0sLJz6zMTjEM5gZx1kQEtEpyPqpO_m_LWUFQjxl9VPaKZRp17DoeGV9EZVApcxYJSnAiez&xkcb=SoCY67M374Ui9HQAhJ0AbzkdCdPP&fccid=8a854c11af435f9e&vjs=3
Evergreen position - Business Development,https://nl.indeed.com/rc/clk?jk=c50a1294c1977e53&bb=84115z3ZkPlKZhN8iMbzDBKsdiO6MzrYq2mEL8rPvBA8RzU8OOLjCn1ZKgJ9Egd0LKFivHV1oxFlpohwc3WycSUZOEAUOOh54jnmQAKxy5xCmiIp0yur5sJAif0m6gtp&xkcb=SoAW67M374Ui9HQAhJ0HbzkdCdPP&fccid=180958473f355787&vjs=3
Channel Device As A Service (DaaS) Services Sales Executive (Benelux),https://nl.indeed.com/rc/clk?jk=e057582d03adb8e6&bb=84115z3ZkPlKZhN8iMbzDPDtNunknYKHllYu_Lv1qF2gglxWjvsfA03UEezNSxXuk5hq33rHiurXi6auugV1rKIscORZ26rPPwB-7uUd8F2YBSgfug7VgQ%3D%3D&xkcb=SoCi67M374Ui9HQAhJ0GbzkdCdPP&fccid=af103eaff391cdf0&vjs=3
C# Software Engineer,https://nl.indeed.com/rc/clk?jk=d5bc0838311ffa0a&bb=84115z3ZkPlKZhN8iMbzDFlFDfGbgHic7XhPK1yELWJMXJJksqRes4C4RD4MLTNcxnTSYtKeeS8ztmStA63uJcTHVJXeTtIkCpeaDOvNcBwF4-aT9nHllZpuNInh8l13&xkcb=SoA_67M374Ui9HQAhJ0FbzkdCdPP&fccid=867fe0853c6c9221&vjs=3
Python Software Engineer,https://nl.indeed.com/rc/clk?jk=5efee80fa049976c&bb=Ln74XvlS52PhpGbk7wWo8d34cKeRziA8pmriFEvMlSywkvG1Z4ho5KGVHS2FJ8PCcPdE4CaAsnRLLl1YxOgxQP5gIlBbGctlStRJTzNV-6ONZ1erBjlnJRGvf7NWNi4F&xkcb=SoAJ67M374UiuixUkx0KbzkdCdPP&fccid=93998d7f12d61ef7&vjs=3
Consultant for our,https://nl.indeed.com/rc/clk?jk=57481c83cbeb6057&bb=Ln74XvlS52PhpGbk7wWo8dshgEZH6sADrurEZM5fpO4Jxm4dwbXEV-IP51_fyAsnfbnluxq8SjAR9Z8wc3_zI5Bs6C0uLwj9iQmmX0kqopDA-oFWgTxy0PfniK2gos--&xkcb=SoCU67M374UiuixUkx0JbzkdCdPP&fccid=8a854c11af435f9e&vjs=3
C# Software Engineer,https://nl.indeed.com/rc/clk?jk=d5bc0838311ffa0a&bb=Ln74XvlS52PhpGbk7wWo8XL68KvZiUQjS8LjPGF7NBoV5G2MtjM_o2s4IFdHsr6ftr115Tftme4dp5tClugkvIGTdwMnGH5Az3Qp2JQawbkjGaY-2jY61YxxHHyhE5jz&xkcb=SoAg67M374UiuixUkx0IbzkdCdPP&fccid=867fe0853c6c9221&vjs=3
Evergreen position - Business Development,https://nl.indeed.com/rc/clk?jk=c50a1294c1977e53&bb=Ln74XvlS52PhpGbk7wWo8bgaJk6ljet3Gbz6PYLmotf6L3VjaioDzDBI33fu9GcFYDspCHx3YeHg5q7EFG4Vn4lxQASphg7nVUtVHNDxdv9dHf0VZdwhdfHyvu3APjBo&xkcb=SoCu67M374UiuixUkx0PbzkdCdPP&fccid=180958473f355787&vjs=3
Channel Device As A Service (DaaS) Services Sales Executive (Benelux),https://nl.indeed.com/rc/clk?jk=e057582d03adb8e6&bb=Ln74XvlS52PhpGbk7wWo8cwL-P1mziy26vAmScqqyLDxThQyG6WTqnowz7cGIRiD6C3ffgp4tze-V79AgyycF3hyQvzZioWkMr8zcSqQFh950dKC5ar82Q%3D%3D&xkcb=SoAa67M374UiuixUkx0ObzkdCdPP&fccid=af103eaff391cdf0&vjs=3
Android Developer,https://nl.indeed.com/rc/clk?jk=a479e625bcb4328f&bb=Ln74XvlS52PhpGbk7wWo8RY8rpXzZs2ULerzYuWfyqp2ZNamsxTv9xOUfyLrk4IeYGIHlnMw27sQeHy-UVBr_tk03Vmja3_Yb9uOPt4ektKxRyzOy4eQk-xyuIEeI5wC&xkcb=SoCH67M374UiuixUkx0NbzkdCdPP&fccid=4b62c56b945d3fd2&vjs=3
Full Stack Software Engineer,https://nl.indeed.com/rc/clk?jk=a051d896618e637d&bb=Ln74XvlS52PhpGbk7wWo8TB86ryPknp55npgvgUDgdGxekWZE_o76IDq11Zq6pnsdnAsoftLc7lj6CyaJCbz6r-NNH-7DW87bWHgrmlIjRUyPtMmiAbLgWTR--k-mZiL&xkcb=SoAz67M374UiuixUkx0MbzkdCdPP&fccid=88298867339863e2&vjs=3
Front-end (Angular) Engineer,https://nl.indeed.com/rc/clk?jk=92364cd22cb3d926&bb=Ln74XvlS52PhpGbk7wWo8WZ7NReu20nrqtPb0xHZD_VBhnIFPbv3t7Fqfv6mPxYxq8MHrddRxnacdf7tez1cud3YlEkkCOdEdpeg1JXb002Wc2dP-GtcYYDfH1pv5b8W&xkcb=SoDa67M374UiuixUkx0DbzkdCdPP&fccid=799b8f431ff8603c&vjs=3
QA Engineer,https://nl.indeed.com/rc/clk?jk=9b1e4bf43e5ca5f6&bb=Ln74XvlS52PhpGbk7wWo8SiG7XpcpRVcOgcam6qMg6pxsB9K2zxHdUbKu807u7xs0JYGF5zMUmeYvVoY34qzcXtnrUaKwHB2afd7wGeIbjpWj6-fvgKluGtAIGmc-bo-&xkcb=SoBu67M374UiuixUkx0CbzkdCdPP&fccid=5a374cafe877c425&vjs=3
Test Automation Engineer - Product,https://nl.indeed.com/rc/clk?jk=e41c52b045c8477e&bb=Ln74XvlS52PhpGbk7wWo8XtC21o1Kfyw2WHSRkfV-WSWWlc7ERaY2ZBySOtW8QwUh1ZcNxPJpjBM30BM5JiKM9TwwCLrtXS5CjuYVV6vyx2RXmVVeMtpNlUkmyWzLSBD&xkcb=SoDz67M374UiuixUkx0BbzkdCdPP&fccid=0f3a396738b139cf&vjs=3
Core Software Engineer,https://nl.indeed.com/rc/clk?jk=77af7f2e03d0455b&bb=Ln74XvlS52PhpGbk7wWo8XL68KvZiUQjTAXBH-smsmoUfj5-6u1WRz35gYtl1Z9gXThcZgPt2eMBklpdPB429wYJuN3rW4lRqXexPcNNjmPCekEko8YUlGXkbJMIxIEp&xkcb=SoBH67M374UiuixUkx0AbzkdCdPP&fccid=07cace7a942dfcbd&vjs=3
Commercial Account Executive (France),https://nl.indeed.com/rc/clk?jk=27f42ae3ef43686d&bb=Ln74XvlS52PhpGbk7wWo8avTcx7vkcUJphYhVnh1TsNhqYH1wf4v6OnPRaz8kVQhhHNXqnhbGAtP5mstp55iOA1GL0nvfSvNvZqyO86cs_0kPY4FIVBbZ8-iZGqMgeDk&xkcb=SoDJ67M374UiuixUkx0HbzkdCdPP&fccid=448951d0ddf03e0c&vjs=3
Power Platform Consultant,https://nl.indeed.com/rc/clk?jk=f0b11db43a5400fd&bb=Ln74XvlS52PhpGbk7wWo8YRQcgCriNcfV16SVRG-BjUpipi0N5XJ-Dhna68GYPb5vZESeuuvGfScXSjd4DJb_49ES0UJDtAznLKLUzjjDnDhjGaOHJTwlAsGcSIC71Cw&xkcb=SoB967M374UiuixUkx0GbzkdCdPP&fccid=03ef7c9acd2f2f37&vjs=3
"Big Data Engineer (ETL, Python, Hadoop)",https://nl.indeed.com/rc/clk?jk=2e8d77b541a14cf1&bb=Ln74XvlS52PhpGbk7wWo8WgNWgbnvqIdS4b2wQqaAM3o85rmxU2Nx5tU06EvjJ2fZ3tHYNR_lP4SZQX5Ohvqoqzo5Ku--hSLD7Ty64mXjMOwfv23UDJ3ZFWJVvxnwUtV&xkcb=SoDg67M374UiuixUkx0FbzkdCdPP&fccid=dd616958bd9ddc12&vjs=3
.net developer,https://nl.indeed.com/rc/clk?jk=667231e1b5b5291f&bb=Ln74XvlS52PhpGbk7wWo8d6bwso24RrhRMcOlpxYyOO_Kf7Q5ene3HYFsQnzv5qtb9DbpVijEIGqlD-ev5NQRPEwES9KzraKxNtXDlu2FyLljxE29_0W4DcMRpLaAmuF&xkcb=SoBU67M374UiuixUkx0EbzkdCdPP&fccid=d974d7f967b7f902&vjs=3
Medior Backend Developer,https://nl.indeed.com/rc/clk?jk=aa4b98a4d3812c21&bb=bMWd2oK-bJ67MIRNoE1SDWC7qPWttzcpHOrAFLBHUzaBdAG3sqeNaP8LJU4bB2Y8bmuexU5IeNDApzdQBUmpfMh0UFRqZrQ1M5RxblDWfC7gFe5L5yrtx7C0EuA0TolC&xkcb=SoA067M374UiQBzmzR0LbzkdCdPP&fccid=388f1741e44d0b0e&vjs=3
Trading Operations Engineer - Digital Assets,https://nl.indeed.com/rc/clk?jk=03b7fe4517697061&bb=bMWd2oK-bJ67MIRNoE1SDfRsWuKHxn_ea2BVA9LR3FVMSGLtUBS0bp7Ez4N06vR8Tq_LgwDbyi4AXsQIHYgyDVt3kV0guTVVtcg3zEAoOPQXGotutAE_6hBzqXlg7kJ6&xkcb=SoCA67M374UiQBzmzR0KbzkdCdPP&fccid=c1a3570c8969e7e4&vjs=3
Product Designer (UX/UI),https://nl.indeed.com/rc/clk?jk=3bc4ddaaa1384ee8&bb=bMWd2oK-bJ67MIRNoE1SDRe-ed5lAygfQAiZAMh6Kz_Y3OGwKJswQr0B6qCsvTNqzRWWBsmir2Sa3Jxed72sGaPJLsk_lWdss0iA4XZMscINk8h7olNsxTZ3FUV572QS&xkcb=SoAd67M374UiQBzmzR0JbzkdCdPP&fccid=6feef08f5611ae2d&cmp=Crisp&ti=Product+Designer&vjs=3
Kitchen Porter – Lotti’s,https://nl.indeed.com/rc/clk?jk=2b8c38935e80bc34&bb=bMWd2oK-bJ67MIRNoE1SDbdx0BH5TF0RAyoRgko8A8gYclGPZe_0epBtJ_AiSlrYE3RE_CNgpR6gGjqS98uMZ7-nG7FC8jD0o1aYoEKL3jNFXx6Scn-7iZGa0Luyqlu9&xkcb=SoCp67M374UiQBzmzR0IbzkdCdPP&fccid=295d3e971790b90e&vjs=3
Software Engineer Intern (Summer 2025),https://nl.indeed.com/rc/clk?jk=f10b46636179daa8&bb=bMWd2oK-bJ67MIRNoE1SDTSVlbbI1nzaeu04h2BCnTjy7QE4aonjV-2Or3dPcmp1ACFvQ8zAZDfGlvYHln_5sMl1dxoyMReNEKMKbiFaLaouCPjsEGPIsiG2P9DewLND&xkcb=SoAn67M374UiQBzmzR0PbzkdCdPP&fccid=93998d7f12d61ef7&vjs=3
Graduate Software Engineer,https://nl.indeed.com/rc/clk?jk=7fdf6bb9b9155234&bb=bMWd2oK-bJ67MIRNoE1SDT3XtUzlFQkt0PuBBqfBeXk7CsEDn2BoXVewiTLFOcalA3LdVSradTHoyKSWPYSidAqXy7mWEke63TGruNAZBTb5mWN7-LPqyv_DB3-rPnvC&xkcb=SoCT67M374UiQBzmzR0ObzkdCdPP&fccid=93998d7f12d61ef7&vjs=3
Cloud Platform Engineer,https://nl.indeed.com/rc/clk?jk=81f92b3148805093&bb=bMWd2oK-bJ67MIRNoE1SDf8xN-l_jinEotiEHrHOYvJd6yT0HI3CDvfPlcXcmdLBJIUDHZsnoqcrD9mXwrzZMjPJEWyfz-hgMFiZ9upTZ2bdNXhAN3A3Oshx3Srbohw0&xkcb=SoAO67M374UiQBzmzR0NbzkdCdPP&fccid=f7f5b5e79363878d&vjs=3
Software Engineer - New Grad (2025 Start),https://nl.indeed.com/rc/clk?jk=5b5b7c382acabb09&bb=bMWd2oK-bJ67MIRNoE1SDc56H5FRbGoiP2U5DrIr8zUvBRckq8Gll5Ex5uDMPl0dsCzcy2Mh2-ddkRXoHiUx1nc-XIfCADO9WUVaQ5mKUyFyp0bYJLyYeXvhWGg-WvMq&xkcb=SoC667M374UiQBzmzR0MbzkdCdPP&fccid=3d0f7ba22a49432f&vjs=3
Fullstack Engineer - Europe,https://nl.indeed.com/rc/clk?jk=e5dd1a9179830fbc&bb=bMWd2oK-bJ67MIRNoE1SDUfTenwUSI9tV27G7j4NteBELLakTX1CtKVXVsPh84gBFAWoKlzGuwiP5FToX67OjJj3z34HKJ5J8K6U2lahhby9xn2Vc5Q4dx_qxnb1l3oY&xkcb=SoBT67M374UiQBzmzR0DbzkdCdPP&fccid=25c336366f7829f5&vjs=3
Applications Architect,https://nl.indeed.com/rc/clk?jk=0b55307c16e19357&bb=bMWd2oK-bJ67MIRNoE1SDT3XtUzlFQktkpWgEL_sjn_uLsdKP6nq9TYYxX-G1lIQQxnS9aWn2YmX53lGQ0TjCEskKzQ7VvNhSdO5TBRj1az_QfSxERCboJQ9spq38FUM&xkcb=SoDn67M374UiQBzmzR0CbzkdCdPP&fccid=dbba4bd42bf0a755&vjs=3
Java Developers,https://nl.indeed.com/rc/clk?jk=144e5f0b4fb71837&bb=bMWd2oK-bJ67MIRNoE1SDeWwDfOCGV0rlP_kozISoFs0qWjLEAFlXUQqH4ye0zOM5P2BZiyn0ChXg4M9xIxgLksNkZLEyl33CfhA_3uMSQs7L1L1lzsQwa7jtVM6CYbH&xkcb=SoB667M374UiQBzmzR0BbzkdCdPP&fccid=d225e935214c4dd1&vjs=3
Software Engineer,https://nl.indeed.com/rc/clk?jk=6472f714c9e3f3e9&bb=bMWd2oK-bJ67MIRNoE1SDXxBNagaBQQLvL4gP8GTtIssweMnmImYSi94DFia4fzO-2l5V3PNUFoibSqvTp1HXAY9R92zdyRZVr493SoKP336Wjihej5VBREGtbQOv21C&xkcb=SoDO67M374UiQBzmzR0AbzkdCdPP&fccid=1cb57363d30f4006&vjs=3
Medior Mobile Developer,https://nl.indeed.com/rc/clk?jk=f157615f420fd10f&bb=bMWd2oK-bJ67MIRNoE1SDZiXNdts_EaIpL40DZjfT6yAXT8_W3lsVS2hjnMUdXnVf8LbH8_UvDNPXnQzDaVhe-rBQ6TfBx-JDca0ZONP70K7kejg9WZFDkBgKzzRjzzM&xkcb=SoBA67M374UiQBzmzR0HbzkdCdPP&fccid=46ba8cc2459c999f&vjs=3
Junior Trading Operations/DevOps Engineer,https://nl.indeed.com/rc/clk?jk=9effb09287bfd102&bb=bMWd2oK-bJ67MIRNoE1SDTYgtqEEvp-LSx-bGrQSEFRSClkcauT6F1hfwK7ZhzJpdkq5l_E_Z123x48zwXSrTX2yUuud2arvdCbSoy5qiSXOA1frpjvA0zlaGQZiuGNU&xkcb=SoD067M374UiQBzmzR0GbzkdCdPP&fccid=c1a3570c8969e7e4&vjs=3
Backend Software Engineer (Scala),https://nl.indeed.com/rc/clk?jk=7a3a970621708dba&bb=bMWd2oK-bJ67MIRNoE1SDTOwILU9MF_otoNGcfivwN-Ms1Cb1fDMCIxEkeTqPMXiAc0GJqAgrquPIMO9yOqmCUGMFf0T9NfuZgw8pz3UGbM4YPRCP1qDGN_gUeG5Yed3&xkcb=SoBp67M374UiQBzmzR0FbzkdCdPP&fccid=fbf636dfa535aec2&vjs=3
Technical Support Engineer,https://nl.indeed.com/rc/clk?jk=678aa2c6e400741c&bb=UmF7R5dRW9-q5sJfZ3oMmmtJJeQBI8A7GLLwxxunte5MRAnVB6wKxNRHrev4jD2MOJGepPh4v9zNcvwCMi7XrkAXNmNf8AawC6PlLBk3rgBGI1AB-twDNwhXF2sZ0iOp&xkcb=SoDv67M374UiEDzmzR0LbzkdCdPP&fccid=b5c24474d328dbc6&vjs=3
Software Engineer,https://nl.indeed.com/rc/clk?jk=73f7d62aeb93a165&bb=UmF7R5dRW9-q5sJfZ3oMmjm7uHqiWl1C9xkoKuCOPuhrcMut_M1oym9nc1Cgqbu_BUN0JhVNTafZ2bc8lQMO7r34KGxxY9eyi8j8yC3uKLzl50AcBxE06uQCfc5e4hwR&xkcb=SoBb67M374UiEDzmzR0KbzkdCdPP&fccid=9246f7c3beab5dfb&vjs=3
Quantitative Developer,https://nl.indeed.com/rc/clk?jk=337111cd79492530&bb=UmF7R5dRW9-q5sJfZ3oMmn4wU-vLoZo4_O8cphor1zda6203lX9qvIiHfSs0k7elGxzP2Ic6CMg_92YBhlzbJIzU4j6zv-hVr4_ciIk9MTrQIPZTmvVHXcJECIdo9HoY&xkcb=SoDG67M374UiEDzmzR0JbzkdCdPP&fccid=dd616958bd9ddc12&vjs=3
Data Engineer,https://nl.indeed.com/rc/clk?jk=824236fe8dd8d611&bb=UmF7R5dRW9-q5sJfZ3oMmvG2NrkXyBscqSFJ2NGyrHGXp6EPvV6fRYi3g2nHXfAh7xWBgIrdwpZY8qGnd1iVqi2VGhZw1zVpKVKcoqZa4olVjLOmm5pyi22u_eRsefNj&xkcb=SoBy67M374UiEDzmzR0IbzkdCdPP&fccid=1f7fc1de51c1aa95&vjs=3
Operations Engineer - Altas at IMC,https://nl.indeed.com/rc/clk?jk=dff72429ab7e6025&bb=UmF7R5dRW9-q5sJfZ3oMml3ZqdLGSoeHddEJHPvfmlDhvJYv1zOBtFMxXwS-C4ZPvq0n5omcNTXoGSsDVYXm_M-_wOjXhXz0-BgOONlRfzHNpdmOZ3ZRkrqdxudEL8Jt&xkcb=SoBI67M374UiEDzmzR0ObzkdCdPP&fccid=93998d7f12d61ef7&vjs=3
Observability Platform Data Engineer,https://nl.indeed.com/rc/clk?jk=88742af56541208f&bb=UmF7R5dRW9-q5sJfZ3oMmuh1TpgD8--fviM431gf6WleMnD4WipjveHdGpLsFz1DDTjMl_2fpAFRuOHUQ3lE8AMho_l928CDjIRRsULPd0KvqbKVKqy5FD2NZjoSWbaV&xkcb=SoDV67M374UiEDzmzR0NbzkdCdPP&fccid=ff455676049af883&vjs=3
Calypso DevOps Engineer,https://nl.indeed.com/rc/clk?jk=a9f442f21dbae4e2&bb=UmF7R5dRW9-q5sJfZ3oMmmtFMZP60FCfuCPhXNWuYpaRh6ZsKlxI9KpdBB6SxzDZP2NT6IjnU9S4K9isbnBX0dYgwTuPxS9OUQn5iUC3ltg4-ZzPPgTMslnsZ_ULTFWb&xkcb=SoBh67M374UiEDzmzR0MbzkdCdPP&fccid=5b16841c3468a10d&vjs=3
IT Ops/Site Reliability Engineer - Schiphol,https://nl.indeed.com/rc/clk?jk=10e61ad6c54dda56&bb=UmF7R5dRW9-q5sJfZ3oMmge47xjEq4Jp7JvoIF5UIvujOPWTjGsGavv7S0JPxGFdRw7wJIaCyruTjvkJ1m6utRcQy-TztEpYWKUE8PkMKmPkRmXaGqC6ySkEwAVZaz7t&xkcb=SoCI67M374UiEDzmzR0DbzkdCdPP&fccid=6b213a895e7143d7&vjs=3
Data Engineer / BI Developer,https://nl.indeed.com/rc/clk?jk=557dd0e7e684d5ce&bb=UmF7R5dRW9-q5sJfZ3oMmj517Ppds_DoZ1ilObCNy9G4MYuVXOGlgjKN-y6VeBT_TECttE7xiEjMky-iPWc44AjggldSvXfsU6ukNih2IRraZgrb-vieNA%3D%3D&xkcb=SoA867M374UiEDzmzR0CbzkdCdPP&fccid=db0b8cca1616eafb&vjs=3
Data Engineer,https://nl.indeed.com/rc/clk?jk=2933cb347dc8a75a&bb=UmF7R5dRW9-q5sJfZ3oMmlHDZv_loDCJzhq_j3ulGp8I-coJFfUkWaTrWohfCl1Pup3zjN2watz6uj-29ih65FTBWH4R0zT1gVyAq7jWTNNGCWha6PoY_HV-7C2YNAJY&xkcb=SoCh67M374UiEDzmzR0BbzkdCdPP&fccid=7e61a26ee780ba06&vjs=3
Staff Software Engineer - Fullstack,https://nl.indeed.com/rc/clk?jk=247564639cb4701d&bb=UmF7R5dRW9-q5sJfZ3oMmlEhcs1sqpqyyCKbs16kNbddUXJUtOn8GN8PwpxEVBm_jqa2nC45HGMdX4c1_vzOPiiKNS9fdawIJwG3z2M2VMmNReVAreo0-bNOg5tS5PlX&xkcb=SoAV67M374UiEDzmzR0AbzkdCdPP&fccid=3d0f7ba22a49432f&vjs=3
Java Software Engineer,https://nl.indeed.com/rc/clk?jk=98c0cf998b2e1f6c&bb=UmF7R5dRW9-q5sJfZ3oMmrpNeRKLJU3lpjduawqNLCPiOJxTbK6BUq0FDr0KEZltxk10uvmUZSZIVMuPBAONjaW9BTPvkZQ4W0MM9NnxfqrNYGV8XDn7mXafiuN2CwcF&xkcb=SoCb67M374UiEDzmzR0HbzkdCdPP&fccid=93998d7f12d61ef7&vjs=3
Trading Reliability Engineer - Digital Assets,https://nl.indeed.com/rc/clk?jk=5cc4f5d3febb4720&bb=UmF7R5dRW9-q5sJfZ3oMmgE5mGkBtFaCkTsDcRj6wHthiTQHtYO46l1bKwuLTma1qAVLNEgpLqySHOO8b9rK1tZqotzZHtkX31KQC_rE1jVZloR-3sAKUJTmI5GZDOiW&xkcb=SoAv67M374UiEDzmzR0GbzkdCdPP&fccid=c1a3570c8969e7e4&vjs=3
"SAP Basis Engineer, FinTech - FS Horizontal Services",https://nl.indeed.com/rc/clk?jk=619b15c91aafb0a3&bb=UmF7R5dRW9-q5sJfZ3oMmoRjRV70ojYrV0Ljz8bNweWIkqJzgP4bICHRzaS_Y5-h_21uVh8Gd_36nCKFpSSyKxKGWVy42GAFYk3xQgWS68kqX_XdtMoOkop8_7ETqxWN&xkcb=SoCy67M374UiEDzmzR0FbzkdCdPP&fccid=62ee2fabbf8c93c5&vjs=3
DevOps Engineer Tooling,https://nl.indeed.com/rc/clk?jk=3e37ce004b0da4da&bb=UmF7R5dRW9-q5sJfZ3oMmvfpuHZp7HogLXdKcr9RnbcKP8ggJXviQHOo3Y2GImyROFnleEQjQ_G1xJOeuyX67GkYYQGSih0RPb_-qQ0K44P9yVcuPMsf1TsIiDBQ2Jxz&xkcb=SoAG67M374UiEDzmzR0EbzkdCdPP&fccid=ccde10b2ae0c4adb&vjs=3
Technical Support Engineer,https://nl.indeed.com/rc/clk?jk=678aa2c6e400741c&bb=TqgsubuXlXdOyHZXqDpryKRatnaR1WRTUIJ0HIVx0X9D9Q8WNIhpehMSxkUk3ldhz1iwYTrb8uMh87hQeI_RNFBB2ZhS3q7IOTrRzZdXZ-S5-GzErsl0Y7y5tUP-E9yC&xkcb=SoAw67M374UiJFQAnJ0LbzkdCdPP&fccid=b5c24474d328dbc6&vjs=3
Software Engineer,https://nl.indeed.com/rc/clk?jk=73f7d62aeb93a165&bb=TqgsubuXlXdOyHZXqDpryM8Q7wsmatkKt0hqPnJBHDMaX_FXztztTS2AemqB_jOQ_LM-WIdqOGegg2Qb_wFMbUDZXlEe50lTV6HzSXhqwxCXh353cT03DkmLMiyZt3mq&xkcb=SoCE67M374UiJFQAnJ0KbzkdCdPP&fccid=9246f7c3beab5dfb&vjs=3
Quantitative Developer,https://nl.indeed.com/rc/clk?jk=337111cd79492530&bb=TqgsubuXlXdOyHZXqDpryO6GC5jBrUdlbFOrh97swubPaP775TeDPo1XdzXWqQMCyLC16LjtWD_nsolXMdkhARdb9nbhJvs5m-XVPiE3zwAj84ZklvUZU6VcDIn3VqGD&xkcb=SoAZ67M374UiJFQAnJ0JbzkdCdPP&fccid=dd616958bd9ddc12&vjs=3
Data Engineer,https://nl.indeed.com/rc/clk?jk=824236fe8dd8d611&bb=TqgsubuXlXdOyHZXqDpryPFg3YI0sbJ1cYVIdAMXKYilAjYDYKiekyu3qaKv5jcvYE4AOk8BetoNc0deEZdVDoAdDsI4ssjjK8UImA8HCuq_BJyQM7Du-cP-6XlNjejN&xkcb=SoCt67M374UiJFQAnJ0IbzkdCdPP&fccid=1f7fc1de51c1aa95&vjs=3
Operations Engineer - Altas at IMC,https://nl.indeed.com/rc/clk?jk=dff72429ab7e6025&bb=TqgsubuXlXdOyHZXqDpryDVwKLm5h2mttm3RHr6A0NSP2vABWGSEWdb2lkx_oZrZM972T7cn-Pdx0_rEJYwPUlIIL9tOWeK5Vu5yFCkkL9vJ5k8CfcU7xa4Ts4cIIhbi&xkcb=SoAj67M374UiJFQAnJ0PbzkdCdPP&fccid=93998d7f12d61ef7&vjs=3
Observability Platform Data Engineer,https://nl.indeed.com/rc/clk?jk=88742af56541208f&bb=TqgsubuXlXdOyHZXqDpryFajIG6KLTXteAuLOlpjdyOIPwZCajhnYxWXrrpEyJqAd-D3L8FNGLymzpFwPx-y64Bo_OwP1lZrCSqUi_Zge2Om8JickiK3AJdzWoZ9uT1C&xkcb=SoCX67M374UiJFQAnJ0ObzkdCdPP&fccid=ff455676049af883&vjs=3
Calypso DevOps Engineer,https://nl.indeed.com/rc/clk?jk=a9f442f21dbae4e2&bb=TqgsubuXlXdOyHZXqDpryAvzbPfqvjXnM4PJ_cEpEpUtwaH4Y6lO2ahcOYwKEo9vzIH8DL-VfyIudzIHSYKu-EbxktTzPlWg5cQ9ZcSIJPAc8CygpPwfS-X2zuW_pBN8&xkcb=SoAK67M374UiJFQAnJ0NbzkdCdPP&fccid=5b16841c3468a10d&vjs=3
IT Ops/Site Reliability Engineer - Schiphol,https://nl.indeed.com/rc/clk?jk=10e61ad6c54dda56&bb=TqgsubuXlXdOyHZXqDpryEUHGntLSfyDWo1QETWIjJPKSAKY1D1Z9_PEvl9OZf6zOgvi-OZ35RsCY2fS1uyDcrU9mPn1sYqJF3wBWPUKmuSbyHUHBxBO50CurMFmxb6W&xkcb=SoC-67M374UiJFQAnJ0MbzkdCdPP&fccid=6b213a895e7143d7&vjs=3
Data Engineer / BI Developer,https://nl.indeed.com/rc/clk?jk=557dd0e7e684d5ce&bb=TqgsubuXlXdOyHZXqDpryJQjWq1UZesUZ3vI6giUbzZx9bREW9tB3HlxKj1HSKLTHn8bH21EMy2QCTllVVmxHytl0qcACXiSOrh5PL6f5tSlIy9ff2t02g%3D%3D&xkcb=SoBX67M374UiJFQAnJ0DbzkdCdPP&fccid=db0b8cca1616eafb&vjs=3
Data Engineer,https://nl.indeed.com/rc/clk?jk=2933cb347dc8a75a&bb=TqgsubuXlXdOyHZXqDpryP4YhO6TKt09HAHicfQyxXLTbkfsk6YYRTU458pVUJ-pZ_Q60vn3ruD1qEAQemDMP-CsMfLPxc-1VzskcLsceUy38e8vx1bHsT6QGvzN_bTK&xkcb=SoDj67M374UiJFQAnJ0CbzkdCdPP&fccid=7e61a26ee780ba06&vjs=3
Staff Software Engineer - Fullstack,https://nl.indeed.com/rc/clk?jk=247564639cb4701d&bb=TqgsubuXlXdOyHZXqDpryKk6UlW-ws_0H-FCOEHROjSNqTkrnJk2beMeaDguQw4whQyHCRQSUfxhWTTVPkt3LFW7DAfO8sayk4kucEwd8GoSr-X-nLO-ZPDxlUquMqga&xkcb=SoB-67M374UiJFQAnJ0BbzkdCdPP&fccid=3d0f7ba22a49432f&vjs=3
Java Software Engineer,https://nl.indeed.com/rc/clk?jk=98c0cf998b2e1f6c&bb=TqgsubuXlXdOyHZXqDpryDgsU7G_Qf_HAJ1ZwpWiByxkNbUu0Q5pTTDO9Fsy0mFbfxoePAE8dDDufCLergnyzOMZZVstqO_5iZnjPF5maQAVXFKNEtNW6yVdRZ21VE5I&xkcb=SoDK67M374UiJFQAnJ0AbzkdCdPP&fccid=93998d7f12d61ef7&vjs=3
Trading Reliability Engineer - Digital Assets,https://nl.indeed.com/rc/clk?jk=5cc4f5d3febb4720&bb=TqgsubuXlXdOyHZXqDpryJHJsdTCuA1GQTUW8aj2x7SLNPUGCpqh1xhnei8UmVPGBnJHhS0wxuJdfCpt4FskosWjzxM55cx1cleJFdN5tnXHTyOONc1fY69eekf48PSH&xkcb=SoBE67M374UiJFQAnJ0HbzkdCdPP&fccid=c1a3570c8969e7e4&vjs=3
"SAP Basis Engineer, FinTech - FS Horizontal Services",https://nl.indeed.com/rc/clk?jk=619b15c91aafb0a3&bb=TqgsubuXlXdOyHZXqDpryNY-TPGJfZ4oos_JzRwSoDsMol6SmUqJZPy9_hlmHB0FYITvK-P1kRkEY7o5j0yJoDsiuGwJR_obddXjbqZNeFvko5nFgpNHiPIBYe1Q8qDD&xkcb=SoDw67M374UiJFQAnJ0GbzkdCdPP&fccid=62ee2fabbf8c93c5&vjs=3
DevOps Engineer Tooling,https://nl.indeed.com/rc/clk?jk=3e37ce004b0da4da&bb=TqgsubuXlXdOyHZXqDpryDjQDxQupdhDcfRKUGeH7x9K-zytwFBqGzZtUuJp5LcXhBUSP4FZcr78OTQmwRqdGBHdsmkUs0XpvEK3lGzUkHZ56fNaOgoNyd37sCf3F-HA&xkcb=SoBt67M374UiJFQAnJ0FbzkdCdPP&fccid=ccde10b2ae0c4adb&vjs=3
Technical Support Engineer,https://nl.indeed.com/rc/clk?jk=678aa2c6e400741c&bb=Ioux4TVcqDcPptjf7N-oRD_5LnMVrjqer8AK1ntzSlVjk-FetMlVncsYHMBpmP7U603Wd4xCv5aDuWyQd0Tz28sCA9_EsoIJTDjzVHJPlyXXedWHLozmrz6ikzhXAB15&xkcb=SoBh67M374Uh9lQNnh0LbzkdCdPP&fccid=b5c24474d328dbc6&vjs=3
Software Engineer,https://nl.indeed.com/rc/clk?jk=73f7d62aeb93a165&bb=Ioux4TVcqDcPptjf7N-oRCSw35qLGc-pRcXrFiL5jHFv0XxTbsT6qz6H5NTGMGmGY_sitC10cTA9f2MapmR74HUQTSwaNM3NR-4gSW_fQZNlSNx0Ck7JpAPDcykd-3nh&xkcb=SoDV67M374Uh9lQNnh0KbzkdCdPP&fccid=9246f7c3beab5dfb&vjs=3
Quantitative Developer,https://nl.indeed.com/rc/clk?jk=337111cd79492530&bb=Ioux4TVcqDcPptjf7N-oRMLzHcryjQejbb1vC0rRpkT4SK3S6jOzB9vAToIwCoLJ0X3zeRV9FCGafVTG1YtgTv87HbVLWCdHNDMI-Pew7IpLRkJppNHdi2HwmLzSyyL9&xkcb=SoBI67M374Uh9lQNnh0JbzkdCdPP&fccid=dd616958bd9ddc12&vjs=3
Data Engineer,https://nl.indeed.com/rc/clk?jk=824236fe8dd8d611&bb=Ioux4TVcqDcPptjf7N-oRGCFmJ8h_uUcWLZedexLhAbcCP871hMlTaDckvO7kFtHBpTxDfCcSIF_sOfeUwX_wj8n3Fgzc8wXpDx-OzcqXMAMzy2VWU7JCItRl1ObeziG&xkcb=SoD867M374Uh9lQNnh0IbzkdCdPP&fccid=1f7fc1de51c1aa95&vjs=3
Operations Engineer - Altas at IMC,https://nl.indeed.com/rc/clk?jk=dff72429ab7e6025&bb=Ioux4TVcqDcPptjf7N-oRFdAr7y0pnZXdqGiw6IBsSpu03hnFnBQzIpO9okvvxcgAREh-G0bM73-im2ImikPZMvqeLjQP6lvX6SzO9hscJe7h39ERnS43ZOAE9Qm61eT&xkcb=SoBy67M374Uh9lQNnh0PbzkdCdPP&fccid=93998d7f12d61ef7&vjs=3
Observability Platform Data Engineer,https://nl.indeed.com/rc/clk?jk=88742af56541208f&bb=Ioux4TVcqDcPptjf7N-oRDpKNOZi6UzmeeFmJaD9GvBtqCrbYbT-sUz4BWdj3rYtOEJfoIPi9EKTLAV-_MFtVeFLy6OvwVfJex4ccIvNwYqNb83KzGsh3-TlRkgz9nH0&xkcb=SoDG67M374Uh9lQNnh0ObzkdCdPP&fccid=ff455676049af883&vjs=3
Calypso DevOps Engineer,https://nl.indeed.com/rc/clk?jk=a9f442f21dbae4e2&bb=Ioux4TVcqDcPptjf7N-oRB0oB7ZEd4AVkpL2npCfjBxpjwGLW9NOl0qnmcrU0zJ_-KNBifKmo9jAbtiwFfJQhOOtn_2w5aB8xqVWdfBxbHetsJ7H3ZCbnJE9-4dssgL1&xkcb=SoBb67M374Uh9lQNnh0NbzkdCdPP&fccid=5b16841c3468a10d&vjs=3
IT Ops/Site Reliability Engineer - Schiphol,https://nl.indeed.com/rc/clk?jk=10e61ad6c54dda56&bb=Ioux4TVcqDcPptjf7N-oRBHR-U3eTVs29ti8jMk6DwgwEWcpTcwHdPsSRG10ykknbCGDC58icxCKD6g1XLfhc0QA56Z78Xx9dCw9lHHN_AaQPwcAaaCq8CJ-P3kbyYSJ&xkcb=SoDv67M374Uh9lQNnh0MbzkdCdPP&fccid=6b213a895e7143d7&vjs=3
Data Engineer / BI Developer,https://nl.indeed.com/rc/clk?jk=557dd0e7e684d5ce&bb=Ioux4TVcqDcPptjf7N-oRKYgRl9zwjCmIyy8hKWupKrPEjrL5QYKaBmzGNyuGbV8OTIxCVkhldmVpHWDXaIrQEtwHifuXKxd9madPAVo6jpnwHzx0aQjwg%3D%3D&xkcb=SoAG67M374Uh9lQNnh0DbzkdCdPP&fccid=db0b8cca1616eafb&vjs=3
Data Engineer,https://nl.indeed.com/rc/clk?jk=2933cb347dc8a75a&bb=Ioux4TVcqDcPptjf7N-oRFPxYIDDi00MrF002A_QAbTC-AwBQfb-RISP3Yia6N0MBfXkVwdfvEsJTtf5eSXc3BwXJ1S7WTBt5SgD-hRg6dUOOUDSAXkRcJWVpabqyw7I&xkcb=SoCy67M374Uh9lQNnh0CbzkdCdPP&fccid=7e61a26ee780ba06&vjs=3
Staff Software Engineer - Fullstack,https://nl.indeed.com/rc/clk?jk=247564639cb4701d&bb=Ioux4TVcqDcPptjf7N-oRCnE7aOz0-iyOzBn1ovGaRhiiv0baJRjP0SmlxIShaxY0duajBz5S-JoFgmOXLOhJ4H7Rn8NtEE2vSLtKJWBTOGZ0xExDXv0Nh2Eam8k2pmp&xkcb=SoAv67M374Uh9lQNnh0BbzkdCdPP&fccid=3d0f7ba22a49432f&vjs=3
Java Software Engineer,https://nl.indeed.com/rc/clk?jk=98c0cf998b2e1f6c&bb=Ioux4TVcqDcPptjf7N-oRCI3kKi7IwdHMsbC7GmPaSbPQp2XVCJ75Cbu63JORgHXyZcGTfw5gbrPtZBlVsKBWg7h7Dm0X0V3JVkWs0tVRuG5fP57JjYEGTOK4pIPcl77&xkcb=SoCb67M374Uh9lQNnh0AbzkdCdPP&fccid=93998d7f12d61ef7&vjs=3
Trading Reliability Engineer - Digital Assets,https://nl.indeed.com/rc/clk?jk=5cc4f5d3febb4720&bb=Ioux4TVcqDcPptjf7N-oRMQVpiKxroa_pFrODzsjafuYAlOnKCZ_D6KBMWjCdbpTAQdGGuKUTMBBHkPt-ErKalHQUFguMhBJwNOEzm9iYXQ7vsTGfVownge_zZ-njFTp&xkcb=SoAV67M374Uh9lQNnh0HbzkdCdPP&fccid=c1a3570c8969e7e4&vjs=3
"SAP Basis Engineer, FinTech - FS Horizontal Services",https://nl.indeed.com/rc/clk?jk=619b15c91aafb0a3&bb=Ioux4TVcqDcPptjf7N-oRJHH6BU3aWw_YFNFdY8J_JG-CEiYafQ5xybLc4_IOEt-pqb4RQMAwUp0JhCkpTIMFubAAB87Dtt5NKZAUNZYB4SzoKHrcANzLwzxRdDfXtNy&xkcb=SoCh67M374Uh9lQNnh0GbzkdCdPP&fccid=62ee2fabbf8c93c5&vjs=3
DevOps Engineer Tooling,https://nl.indeed.com/rc/clk?jk=3e37ce004b0da4da&bb=Ioux4TVcqDcPptjf7N-oRMfI31n27lR615Y5vfxXrfyuLUUJ7DDsy7-_i-nbS4FpBZM66gD0630RE6hTBQxCrpflrbTpPNjy_WVavlJodXsfQ2FhJpw6NVESS_ky4h8K&xkcb=SoA867M374Uh9lQNnh0FbzkdCdPP&fccid=ccde10b2ae0c4adb&vjs=3
Software Engineer,https://nl.indeed.com/rc/clk?jk=73f7d62aeb93a165&bb=LPFamTERxnS_DRELUPlfKs0DG-mZn9zCeZT-4dZA6pvqpDLUHbPvlF6xYBIxkrXvN4xn7hm-xh_SW3InAe2TwNHUd6eNfTdO-zAWdHuJClxrO3P2cS8OH3kbXZU4ajw8&xkcb=SoD667M374Uhurzm850ObzkdCdPP&fccid=9246f7c3beab5dfb&vjs=3
Quantitative Developer,https://nl.indeed.com/rc/clk?jk=337111cd79492530&bb=LPFamTERxnS_DRELUPlfKgF7LU5XWN92HlGaeXYoSQgiY6Y2FAfYzUfoqxJtP_ylwqE8yE1q19xnLMAwiOTxbqNSyyVSOhbzm3TIxetXqnI0zdNHS_BmT3cSi6SYbhVr&xkcb=SoBn67M374Uhurzm850NbzkdCdPP&fccid=dd616958bd9ddc12&vjs=3
Data Engineer,https://nl.indeed.com/rc/clk?jk=824236fe8dd8d611&bb=LPFamTERxnS_DRELUPlfKmMJlNRSoBrReUmEr31red7YYNErnqw46pVp_nPXWb42V4k0WuOuo91HMRxqRukpokVdGTGEld2SlE4Q93s3JCNpXC4jwjMnUgCFOWdMR7mp&xkcb=SoDT67M374Uhurzm850MbzkdCdPP&fccid=1f7fc1de51c1aa95&vjs=3
Operations Engineer - Altas at IMC,https://nl.indeed.com/rc/clk?jk=dff72429ab7e6025&bb=LPFamTERxnS_DRELUPlfKlc26ZTn-irPbBgT_ucwTGm8740nu1OL0gMKVixAV77VoS99v2NkCJ_JMQ4EEb8X9UGPXOFRxbtu9nLv6kEpMCi-H24dwtdGR16EH8xZP4Ig&xkcb=SoA667M374Uhurzm850DbzkdCdPP&fccid=93998d7f12d61ef7&vjs=3
Observability Platform Data Engineer,https://nl.indeed.com/rc/clk?jk=88742af56541208f&bb=LPFamTERxnS_DRELUPlfKqfdyQ2TGugukLVPw08JiGhFInQh-GsJ3ht9IAwaxjhK3uQFPSET-ANj_0AxMilfkLgZFdhkzHOsjeFfLvXmkuBnU0wS1lApsHMGr5zj1kRb&xkcb=SoCO67M374Uhurzm850CbzkdCdPP&fccid=ff455676049af883&vjs=3
Calypso DevOps Engineer,https://nl.indeed.com/rc/clk?jk=a9f442f21dbae4e2&bb=LPFamTERxnS_DRELUPlfKsQ3O2GC_gzB3BFTv1J_5EFVLqVKJ-J5JuU2En0j2cYWgeNwdfUAZ6pRwIRioLCNS3ADtCcSch2VELzlexty7kyCCA2GW8gywkeibtM2CRem&xkcb=SoAT67M374Uhurzm850BbzkdCdPP&fccid=5b16841c3468a10d&vjs=3
IT Ops/Site Reliability Engineer - Schiphol,https://nl.indeed.com/rc/clk?jk=10e61ad6c54dda56&bb=LPFamTERxnS_DRELUPlfKvi1yeBPq2YGS7pDi3dCceZH4afVqR7COqrlJduFmGkDzcpHcHkFy3VvD_5BshTvrTq3my4Jwon1pkXe2WQ3Uha1gFipX01rk9Z9naoUTER3&xkcb=SoCn67M374Uhurzm850AbzkdCdPP&fccid=6b213a895e7143d7&vjs=3
Front-end Developer,https://nl.indeed.com/rc/clk?jk=e2008578382b2176&bb=LPFamTERxnS_DRELUPlfKlgRafkj4n9sCTXpA29XEv6-GEGhnqV6GXtsIF7_vg0QJIgXg8FBZ3BCbWkoKNbeOn2EHrwEhXM17cRCZqK3Ty15Ng1S3YGyFwmI33CSBPEj&xkcb=SoAp67M374Uhurzm850HbzkdCdPP&fccid=2d93ca1aa6d29547&vjs=3
Data Engineer / BI Developer,https://nl.indeed.com/rc/clk?jk=557dd0e7e684d5ce&bb=LPFamTERxnS_DRELUPlfKoUOs2uCZwrZu2gN-hcQPXR2IY4jtc9VmmRyMzWs-zrEGPX8ejUq9HzAKi4KVbKBu1VDzbSDh5o2mLYlYjk6Q2JLYNEbGLq8fA%3D%3D&xkcb=SoCd67M374Uhurzm850GbzkdCdPP&fccid=db0b8cca1616eafb&vjs=3
Data Engineer,https://nl.indeed.com/rc/clk?jk=2933cb347dc8a75a&bb=LPFamTERxnS_DRELUPlfKtFF2sTRxxkgBvsW0klwFdx2N6RUD1UWAyaTV-5cS4VJEvqcJPGVs7wClATHfxUrTm9rX2Q6QuDGa47GsHHWVPVe4GUJgpbBm_-veY1DPF1z&xkcb=SoAA67M374Uhurzm850FbzkdCdPP&fccid=7e61a26ee780ba06&vjs=3
Staff Software Engineer - Fullstack,https://nl.indeed.com/rc/clk?jk=247564639cb4701d&bb=LPFamTERxnS_DRELUPlfKkx5kv0LndftBL0MsSuiMN0a0ihKwtUKOCcfQKHHGA3S_HLC74yZf320mUO6uEiFQ_D5rnWbI8wRKrTdyQFnrSeo6P1IvKNp7VPMTvZnggDJ&xkcb=SoC067M374Uhurzm850EbzkdCdPP&fccid=3d0f7ba22a49432f&vjs=3
Java Software Engineer,https://nl.indeed.com/rc/clk?jk=98c0cf998b2e1f6c&bb=LPFamTERxnS_DRELUPlfKgqXjPZBEOVAfn5-xnZTLkIpwOhABmXXZld-r1I1azxqZk9C4neHQxvW98DSc4XzEkJdhlIFsskI99zzvFfBW-eAncni6X-iFJVaTMyvkvoC&xkcb=SoCT67M374Uhurzm850bbzkdCdPP&fccid=93998d7f12d61ef7&vjs=3
Trading Reliability Engineer - Digital Assets,https://nl.indeed.com/rc/clk?jk=5cc4f5d3febb4720&bb=LPFamTERxnS_DRELUPlfKuA3fGsJRWrbCMBWWVWTwddP5-Md5HL_8KxeBs7mTuANXNuzzYMIXzJ8mdlV3ar2aFN4hcJl6JNkobjTEHgUx8xuxQydL7duF5IhY2OY_ocj&xkcb=SoAn67M374Uhurzm850abzkdCdPP&fccid=c1a3570c8969e7e4&vjs=3
"SAP Basis Engineer, FinTech - FS Horizontal Services",https://nl.indeed.com/rc/clk?jk=619b15c91aafb0a3&bb=LPFamTERxnS_DRELUPlfKtzsvzTvAWvpnR1HhHIv0Z9lNx_Kl1LJ7y2LtTig2OI_yREs3ygdDNsB-pJzmowj8dTgXxkeFsPQCjvMj_hp3TCzeeWBUJVx9lc649wGxCZp&xkcb=SoC667M374Uhurzm850ZbzkdCdPP&fccid=62ee2fabbf8c93c5&vjs=3
DevOps Engineer Tooling,https://nl.indeed.com/rc/clk?jk=3e37ce004b0da4da&bb=LPFamTERxnS_DRELUPlfKnZsVmItXOpXFkwypMNp2mix5VFtJPXWQhHywYg79SPmCl0XO71lvx9q-vwZqwFRE5TlRkyr5zcjSrRmTiszhDLRanpkHS5ORU3VmnrVS3Rw&xkcb=SoAO67M374Uhurzm850YbzkdCdPP&fccid=ccde10b2ae0c4adb&vjs=3
Technical Support Engineer,https://nl.indeed.com/rc/clk?jk=678aa2c6e400741c&bb=pd7PNops_7Yl5L9Ml3D4D0-o36xk5o8Bkuid8mEBR_TCT9xij09koh0yhoghesirvDtJKnOq0HM498S7BBGQTLlaIwZspFu3s2MasWDF1dsbLv0yGCREq1waeV2wTZTs&xkcb=SoCz67M374UhTTQNnh0LbzkdCdPP&fccid=b5c24474d328dbc6&vjs=3
Software Engineer,https://nl.indeed.com/rc/clk?jk=73f7d62aeb93a165&bb=pd7PNops_7Yl5L9Ml3D4DwRm7kj9ULJPWOtnjR10LER0PhjFeK_1eyw5Bf5wrNkbDJtcXNApWVYZa-SESiKoQbwtSgbuhXtk9bM0D_AAmpJLcFiCNfEHzByFRK1iVHSN&xkcb=SoAH67M374UhTTQNnh0KbzkdCdPP&fccid=9246f7c3beab5dfb&vjs=3
Quantitative Developer,https://nl.indeed.com/rc/clk?jk=337111cd79492530&bb=pd7PNops_7Yl5L9Ml3D4D8L-mnJYCetFdFOf6OnRdMwwtZWSQD439cWdIM04lUmEc68N-MFeEpki9-pQlKgSQ3olCjfa2nhcsGPA2l9Vcu0ibC2sMfiV1BRhh50JHQdp&xkcb=SoCa67M374UhTTQNnh0JbzkdCdPP&fccid=dd616958bd9ddc12&vjs=3
Data Engineer,https://nl.indeed.com/rc/clk?jk=824236fe8dd8d611&bb=pd7PNops_7Yl5L9Ml3D4D0V9rF19FHwhYNueMru07p-Iqq1poUnd3GprYvo7seWXmdPjgL3VN6BHb2IBpxUWMBlhz6SglVfL5bt3gYyASKPaumCKiijzo4XrujTZc-c6&xkcb=SoAu67M374UhTTQNnh0IbzkdCdPP&fccid=1f7fc1de51c1aa95&vjs=3
Operations Engineer - Altas at IMC,https://nl.indeed.com/rc/clk?jk=dff72429ab7e6025&bb=pd7PNops_7Yl5L9Ml3D4D0MfdlPirtrIKXcwE1XJrB2Zk_YIY754FqTyw4geWDvN3Rg3Ul5vGQo0N-pYzMLJx_7hyhaWcdZkbL3e1wtE9b_TQvCkdCiyHzS4SMTHe0id&xkcb=SoCg67M374UhTTQNnh0PbzkdCdPP&fccid=93998d7f12d61ef7&vjs=3
Observability Platform Data Engineer,https://nl.indeed.com/rc/clk?jk=88742af56541208f&bb=pd7PNops_7Yl5L9Ml3D4D6Kn2M2wsI70d1DOT7cC4a2cVz0zTpoxLkS0LbKGv7pDMtm7dzEEqZRo6lmuD4iG2FSeOzG3fxh12paTxhehZ_Zl35kNvC1lcWygLeZ4IveL&xkcb=SoAU67M374UhTTQNnh0ObzkdCdPP&fccid=ff455676049af883&vjs=3
Calypso DevOps Engineer,https://nl.indeed.com/rc/clk?jk=a9f442f21dbae4e2&bb=pd7PNops_7Yl5L9Ml3D4D_IqxXOEESfPW8AUi24M66xp_mNH9gDlJVoAcjn7uzcEDgp8MpO9_IBlXZOdAcKExvrNKkSr1x8orTnsIbbppLRzsu9jyF-0ytAcWl119aJQ&xkcb=SoCJ67M374UhTTQNnh0NbzkdCdPP&fccid=5b16841c3468a10d&vjs=3
IT Ops/Site Reliability Engineer - Schiphol,https://nl.indeed.com/rc/clk?jk=10e61ad6c54dda56&bb=pd7PNops_7Yl5L9Ml3D4Dy7kKuTIBuZP1XvEVCmBTEj6cA_oCNkLocb30OPm7Ds3Zxnm_KJSl9A32ecvRs7I5H3OiQ_J1OEMly_PA1M7CMS_GweBoQU5BUo8qMiQd68v&xkcb=SoA967M374UhTTQNnh0MbzkdCdPP&fccid=6b213a895e7143d7&vjs=3
Data Engineer / BI Developer,https://nl.indeed.com/rc/clk?jk=557dd0e7e684d5ce&bb=pd7PNops_7Yl5L9Ml3D4D2diPvFKR1ceBR9ehs7hwomUM76fCBTOjFPNLeL46RYccbOtO-9BU192W1_8HHd_-74abPuHmvslft0EIbPLsVh76Bpxx82pfg%3D%3D&xkcb=SoDU67M374UhTTQNnh0DbzkdCdPP&fccid=db0b8cca1616eafb&vjs=3
Data Engineer,https://nl.indeed.com/rc/clk?jk=2933cb347dc8a75a&bb=pd7PNops_7Yl5L9Ml3D4D4jYLZ4nKrlK7x5404AlpGbG118qqrWdmCQXkiOkxMoQoI8Y0vnRT0dcBUABIpjQMQX4_c2q3MGgKwIY23bv4v8PO8W75yq5cFNwUxytMmer&xkcb=SoBg67M374UhTTQNnh0CbzkdCdPP&fccid=7e61a26ee780ba06&vjs=3
Staff Software Engineer - Fullstack,https://nl.indeed.com/rc/clk?jk=247564639cb4701d&bb=pd7PNops_7Yl5L9Ml3D4D0OwOtnK6oktK49z01DfKXjsgCQD65Xgio73JUUFvCO4OobeT2W3Ezkq9JXrA9tF-D4pOOHK3fh4KikHnTNsqqdLIGNR_RURLNSWqnencJTk&xkcb=SoD967M374UhTTQNnh0BbzkdCdPP&fccid=3d0f7ba22a49432f&vjs=3
Java Software Engineer,https://nl.indeed.com/rc/clk?jk=98c0cf998b2e1f6c&bb=pd7PNops_7Yl5L9Ml3D4DzYMqMcrOcO9B8rKE2C48_Pg0c0dPOYGb6DB_cQ29xg6VBBmuuV2JmUqIIx0ojkOBX2pOrSeDDcEoBPid2uw8psNBfnexTxo0pGOtLvAdgkP&xkcb=SoBJ67M374UhTTQNnh0AbzkdCdPP&fccid=93998d7f12d61ef7&vjs=3
Trading Reliability Engineer - Digital Assets,https://nl.indeed.com/rc/clk?jk=5cc4f5d3febb4720&bb=pd7PNops_7Yl5L9Ml3D4D_tnKjf8QGkd4s9C9-QS3Npo1M6fyhB6ZWMC3-4bVifMUiWNy8nWcATvBZun4mhDNH_v7gfStZygkY3xKFVaC5Tz7Epq334WzQrgPE97Vzzj&xkcb=SoDH67M374UhTTQNnh0HbzkdCdPP&fccid=c1a3570c8969e7e4&vjs=3
"SAP Basis Engineer, FinTech - FS Horizontal Services",https://nl.indeed.com/rc/clk?jk=619b15c91aafb0a3&bb=pd7PNops_7Yl5L9Ml3D4D_LbNTQ6QMJ3hCDecsdxVIOa_4Cakv3Y4FlkWU6mgeueLemlswz3ZZZcmEhfYv_NCcfm5cYX1UlaG0G0X2_XaCTsnskb6TXy2CZrOCj0sxwW&xkcb=SoBz67M374UhTTQNnh0GbzkdCdPP&fccid=62ee2fabbf8c93c5&vjs=3
DevOps Engineer Tooling,https://nl.indeed.com/rc/clk?jk=3e37ce004b0da4da&bb=pd7PNops_7Yl5L9Ml3D4DxliijAqixrWsdShrJn8wa-wCDRkRUb_zgIMRRDCw2gK1CEBxKxR4ntxhnjTtSPqzUM7SUKlLiXk0tSBc4sgu9V3zv6C5z6rvNuaet5M1LIv&xkcb=SoDu67M374UhTTQNnh0FbzkdCdPP&fccid=ccde10b2ae0c4adb&vjs=3
Software Engineer,https://nl.indeed.com/rc/clk?jk=73f7d62aeb93a165&bb=4PVBy55GoDKoRf2GJhzefqFd_dIk0jRKt_iw_2i2hJwQxTrnaSSpAXKWPMI1jwGU9WsFptQ6HNiCB143oUzJ2hpQjw5ueXK_BpbMUkGtwD8UkqVfp2KgFUQDQQ727hA-&xkcb=SoCs67M374UhDvW2g50IbzkdCdPP&fccid=9246f7c3beab5dfb&vjs=3
Quantitative Developer,https://nl.indeed.com/rc/clk?jk=337111cd79492530&bb=4PVBy55GoDKoRf2GJhzefhjIjSSW6yvdwjrNOYG9OPUAgtxFc4NaA1doouyQe-ik7saVla7B-jOcX-wODB4hI-pNVsEFpLU4E1CKbkc7kXIz-GK4vi8ThZE-U2DdcufS&xkcb=SoAi67M374UhDvW2g50PbzkdCdPP&fccid=dd616958bd9ddc12&vjs=3
Data Engineer,https://nl.indeed.com/rc/clk?jk=824236fe8dd8d611&bb=4PVBy55GoDKoRf2GJhzefltpafFzeGnjW0jB_Y5TVTku6ZUdL7ZjJGiYyP6zTOVKfaEQbVWAmjFgEgHkmC-2SuIyHE4Mkbxxg6vNBN47EEpbkSAGitkKlvlPUJCkFkpa&xkcb=SoCW67M374UhDvW2g50ObzkdCdPP&fccid=1f7fc1de51c1aa95&vjs=3
Operations Engineer - Altas at IMC,https://nl.indeed.com/rc/clk?jk=dff72429ab7e6025&bb=4PVBy55GoDKoRf2GJhzefkWD8q3HOwvV9iZJ-YL4Dw-U94y-ghKxHOSwC5Jwju89sytmhezdck3-Pe0BDowxXl7aHgJUjkBdcOAfiO4Vc0bx9FtXpkft74Vsrwp7ES4g&xkcb=SoAL67M374UhDvW2g50NbzkdCdPP&fccid=93998d7f12d61ef7&vjs=3
Observability Platform Data Engineer,https://nl.indeed.com/rc/clk?jk=88742af56541208f&bb=4PVBy55GoDKoRf2GJhzefqkK4-plcGYaI8GzilAN5yNR8YRpGNcYpLesJ87VKwptHcF55k9fFvCgkitChRv656CrKP8SC9thzLuLtK9-UbAepTfZVsFgsE_QIDkoOZo4&xkcb=SoC_67M374UhDvW2g50MbzkdCdPP&fccid=ff455676049af883&vjs=3
Calypso DevOps Engineer,https://nl.indeed.com/rc/clk?jk=a9f442f21dbae4e2&bb=4PVBy55GoDKoRf2GJhzefroaKLKXwW6O9hRdJtu227tLxxDAU5TvUgLDCbNKqgK-KcWqea2aQ8j8SkqtPevK6dEs1yz242N0-85OOyYNSOyds9qz0d8z38ZWLP7zn-st&xkcb=SoBW67M374UhDvW2g50DbzkdCdPP&fccid=5b16841c3468a10d&vjs=3
IT Ops/Site Reliability Engineer - Schiphol,https://nl.indeed.com/rc/clk?jk=10e61ad6c54dda56&bb=4PVBy55GoDKoRf2GJhzefozaAKRbuDS7kfIs03zt_qluVvtniJDtw4fvp5Flc8CI_Mw8_IP1dy_ek66o40w50bIi2i8EbtuEf0CCUlFPlY52bH2IZf19A7uwH5ECz-pZ&xkcb=SoDi67M374UhDvW2g50CbzkdCdPP&fccid=6b213a895e7143d7&vjs=3
Front-end Developer,https://nl.indeed.com/rc/clk?jk=e2008578382b2176&bb=4PVBy55GoDKoRf2GJhzefmMT8xDFVi0W0C9uLEV-y2XAH0g3EQ2yWUOnih3eplbetliFPJHjMdQNRJ-pKx19k4dFGMJ7ohsXHaSI4xIOslghXcgOY8yfw_w2-lnEDRUf&xkcb=SoB_67M374UhDvW2g50BbzkdCdPP&fccid=2d93ca1aa6d29547&vjs=3
Data Engineer / BI Developer,https://nl.indeed.com/rc/clk?jk=557dd0e7e684d5ce&bb=4PVBy55GoDKoRf2GJhzefllCotEl61BwP0FmczvZqRP4GGD2VAMjomGrfeOHoGDCZyHJ0i8abNXjnRWzLNb6G6UlUmM5tbZqZzzXPzOxI-98yA8YLoJTOQ%3D%3D&xkcb=SoDL67M374UhDvW2g50AbzkdCdPP&fccid=db0b8cca1616eafb&vjs=3
Data Engineer,https://nl.indeed.com/rc/clk?jk=2933cb347dc8a75a&bb=4PVBy55GoDKoRf2GJhzefmFrnQ9oiRVGpv4TSSeqJyvwaBLZTNW2sgSE34EYlP7rz7GBDPnVrLsi6Mzwg52Mbc5SY7CII3-kvoeUeM0V88SO-ocgeUDLXr1H1TWNeOSw&xkcb=SoBF67M374UhDvW2g50HbzkdCdPP&fccid=7e61a26ee780ba06&vjs=3
Staff Software Engineer - Fullstack,https://nl.indeed.com/rc/clk?jk=247564639cb4701d&bb=4PVBy55GoDKoRf2GJhzefpdCVSeMUs2-xIgqL0Y17DLjVsK4K96S6Rzmg3je-qYN5Sq9wGbr9pWV5Pzy_R4f8BeY_sVWfhnW-eVuY3xIfq8vY7xjmg7o4rvsh2OEcgB1&xkcb=SoDx67M374UhDvW2g50GbzkdCdPP&fccid=3d0f7ba22a49432f&vjs=3
Java Software Engineer,https://nl.indeed.com/rc/clk?jk=98c0cf998b2e1f6c&bb=4PVBy55GoDKoRf2GJhzefptWjruWc_ZPp2qHdV10FOqroYinn14I9sEOAgZBWdlh0yzQmGyH53tWck6OwSxy6dFCK9TpTQro229pzUfQY1JJFa0vMOJWA-D5ct8QlW9x&xkcb=SoBs67M374UhDvW2g50FbzkdCdPP&fccid=93998d7f12d61ef7&vjs=3
Trading Reliability Engineer - Digital Assets,https://nl.indeed.com/rc/clk?jk=5cc4f5d3febb4720&bb=4PVBy55GoDKoRf2GJhzefiRTRSYN1VtRyuAoqYz2RfX6Nj3XjFZBNyBzXYQjOiDsIRFAmMFRs4LmpIAoLmL0t1egKeoLsbbS8Pz1IrGh4qV8WCGRTJGCFbnJ3pgpAMAC&xkcb=SoDY67M374UhDvW2g50EbzkdCdPP&fccid=c1a3570c8969e7e4&vjs=3
"SAP Basis Engineer, FinTech - FS Horizontal Services",https://nl.indeed.com/rc/clk?jk=619b15c91aafb0a3&bb=4PVBy55GoDKoRf2GJhzefjJOyPmIbS5_U6GyCGZyGmXhYWd0dTRuMvj18YLsnrYlwjU0ScEz0rGnGLlZ3Ej3EW67pi4fiH5k374YkIAT1spbh9XCnQjx7x8MZz04rnKq&xkcb=SoD_67M374UhDvW2g50bbzkdCdPP&fccid=62ee2fabbf8c93c5&vjs=3
DevOps Engineer Tooling,https://nl.indeed.com/rc/clk?jk=3e37ce004b0da4da&bb=4PVBy55GoDKoRf2GJhzefpgqr4icW2M1P6O8Z4XwJPcdHnWveUeYeJuQbpfNknJqLlEGEpuFuNykkbIeQgVpk9pMN4-Q3RIHvG3sBvdFF9P3NbkubebpnGMgJy0qdGKB&xkcb=SoBL67M374UhDvW2g50abzkdCdPP&fccid=ccde10b2ae0c4adb&vjs=3
Software Engineer,https://nl.indeed.com/rc/clk?jk=73f7d62aeb93a165&bb=bmTKuPQgvBBPNkrPpa07xu8tIwdZBVAjfz3hlZJAYbxJBA_Yy3B8RO7RHtSi18eVHneld528kLBdFnGAuFI0FZLVrl16uimt4FynjFlBLshV0jX7nQELpdO60gfiaStK&xkcb=SoCB67M374Ug3vTTkR0LbzkdCdPP&fccid=9246f7c3beab5dfb&vjs=3
Quantitative Developer,https://nl.indeed.com/rc/clk?jk=337111cd79492530&bb=bmTKuPQgvBBPNkrPpa07xhOmhW6nEObLPR9MkS0ArTjmey3O-gzVqzWDrdVLaMFHAMnEIoaKfNSzX-uLMQXTPVS-R9L935BRABu8PSbfY_vSFjCXl233csn_XmRcOJge&xkcb=SoA167M374Ug3vTTkR0KbzkdCdPP&fccid=dd616958bd9ddc12&vjs=3
Data Engineer,https://nl.indeed.com/rc/clk?jk=824236fe8dd8d611&bb=bmTKuPQgvBBPNkrPpa07xt0-CvFcBVZ1xSDg-_sPKHJlA4l1owD56A0fLrZ3-uC1Lwg-yjzmF_IpcmQKcRiAt1OHPKUFbAGPf5HomoRtJL95QQwDn0raYoGhhsNv124P&xkcb=SoCo67M374Ug3vTTkR0JbzkdCdPP&fccid=1f7fc1de51c1aa95&vjs=3
Operations Engineer - Altas at IMC,https://nl.indeed.com/rc/clk?jk=dff72429ab7e6025&bb=bmTKuPQgvBBPNkrPpa07xrVvHd_3E_XeKb01MheOdIAxJ_1P9qUiUhh5X6NCOy0FuYcCfoUwv-_rDnyno2Q1402_7vWab9clp5B-km9l0ls5FuBlPjxedBtgSm6jMR7L&xkcb=SoAc67M374Ug3vTTkR0IbzkdCdPP&fccid=93998d7f12d61ef7&vjs=3
Observability Platform Data Engineer,https://nl.indeed.com/rc/clk?jk=88742af56541208f&bb=bmTKuPQgvBBPNkrPpa07xo9ObYywwGvGVqtERRC0CJ28xeHP64LRxu4sRS0inMW6_QZbRefRkb7jSRAG9IwlMXoNU39jkWO-dnIrVwKSmm94FISumWmfZ59-2zzfYa95&xkcb=SoCS67M374Ug3vTTkR0PbzkdCdPP&fccid=ff455676049af883&vjs=3
Calypso DevOps Engineer,https://nl.indeed.com/rc/clk?jk=a9f442f21dbae4e2&bb=bmTKuPQgvBBPNkrPpa07xqckKobysLW7P6U5n4YfIQODyKKL0ec7MPOmUY-nt5secmXuSrxENuVKHSRxGIB2VxmQD9f9gCl8lrJ0lnPKxVGiRsp0McbiL-rYeNED-M1S&xkcb=SoAm67M374Ug3vTTkR0ObzkdCdPP&fccid=5b16841c3468a10d&vjs=3
IT Ops/Site Reliability Engineer - Schiphol,https://nl.indeed.com/rc/clk?jk=10e61ad6c54dda56&bb=bmTKuPQgvBBPNkrPpa07xv_rUX_pDHW0Dd_k13z4-wTqd6u_2zH2LSCEwH5yQVXw7tYOooxUC_T9jEZjeRbOJXTabuJF3khDuehh2yUTo9Lhn3peccrKCRvmEy_EgPUN&xkcb=SoC767M374Ug3vTTkR0NbzkdCdPP&fccid=6b213a895e7143d7&vjs=3
Front-end Developer,https://nl.indeed.com/rc/clk?jk=e2008578382b2176&bb=bmTKuPQgvBBPNkrPpa07xilty0j2ZbBgzT8udU6FUoHk2EJSRryWAL4y21fvJ5qzmr_0OKz9bu3qtzzQHFfSw62kvdlALBLShYuaGh5LbY7CFt6XybHaGqTFIo1Lqq2j&xkcb=SoAP67M374Ug3vTTkR0MbzkdCdPP&fccid=2d93ca1aa6d29547&vjs=3
Data Engineer / BI Developer,https://nl.indeed.com/rc/clk?jk=557dd0e7e684d5ce&bb=bmTKuPQgvBBPNkrPpa07xn9y4156hJ3_8FisuPFFl1JozoJPDG95G_-vA-9CHulTaABzYPP5rY2AIfU2E4c8vicObmUNB2zOhtQiX23Du5B0TlQFqMZGyw%3D%3D&xkcb=SoDm67M374Ug3vTTkR0DbzkdCdPP&fccid=db0b8cca1616eafb&vjs=3
Data Engineer,https://nl.indeed.com/rc/clk?jk=2933cb347dc8a75a&bb=bmTKuPQgvBBPNkrPpa07xvmHozBYWmfAcVRACs5o7b-PxcyW82phmkTzwvRNJfAuloqzUOGBjOhlsWnTjS34Pjn7gvLzlw-Myr7BLEKOkX5LMvAMDDPL72lLrCEMxtp3&xkcb=SoBS67M374Ug3vTTkR0CbzkdCdPP&fccid=7e61a26ee780ba06&vjs=3
Staff Software Engineer - Fullstack,https://nl.indeed.com/rc/clk?jk=247564639cb4701d&bb=bmTKuPQgvBBPNkrPpa07xgOIEfwllU3aiKfkdzaPLlmki3Cot5h2fypd_HvUxJSE-xYiOO0OdynFqordgVhU2HPbr5D9OkA1LY1T2Na-OQhKkK0GCC5d0el7lKl-rd7K&xkcb=SoDP67M374Ug3vTTkR0BbzkdCdPP&fccid=3d0f7ba22a49432f&vjs=3
Java Software Engineer,https://nl.indeed.com/rc/clk?jk=98c0cf998b2e1f6c&bb=bmTKuPQgvBBPNkrPpa07xnEbdr2RAGmBCTDlt_wxqEFtTP-tnnZeXzIpBBNg08xWkJge4ll3UVmBI3STs4FJ6Xlg0iC2L7JkHvIuQ5vS1PNOZEHdl47f62mImg8FIi-1&xkcb=SoB767M374Ug3vTTkR0AbzkdCdPP&fccid=93998d7f12d61ef7&vjs=3
Trading Reliability Engineer - Digital Assets,https://nl.indeed.com/rc/clk?jk=5cc4f5d3febb4720&bb=bmTKuPQgvBBPNkrPpa07xp-sqEuUiNwGQdLa_JO_3eqQBZa6kfvKvVq7_xs5_kFZqF5JuGxyJ0KyxReujGrPY80Rwyn1ArmACcA2RA7x2gZt6V21XcEmL6pW_BOMk0ne&xkcb=SoD167M374Ug3vTTkR0HbzkdCdPP&fccid=c1a3570c8969e7e4&vjs=3
"SAP Basis Engineer, FinTech - FS Horizontal Services",https://nl.indeed.com/rc/clk?jk=619b15c91aafb0a3&bb=bmTKuPQgvBBPNkrPpa07xiqN4vkpJLYnqg4TE4EJK0P1UxuAQLcAe5u1Ip0LgnMYk_VVne-nxMdN2uwjY1NF63dKm0VEDDRtA731eEQTT4k3TcB8_CXTZyeo34Wnd8PW&xkcb=SoBB67M374Ug3vTTkR0GbzkdCdPP&fccid=62ee2fabbf8c93c5&vjs=3
DevOps Engineer Tooling,https://nl.indeed.com/rc/clk?jk=3e37ce004b0da4da&bb=bmTKuPQgvBBPNkrPpa07xkLGdqR19DTyuZvIzfFiYpm1uRQTxw0FCnqiZ2JWOui0T0zLDQ0iH9Lw77cO1BtaKDClwXLx3YLLWqRpmxLTPsVoAtAjQSFXK3vtTfdS8DPN&xkcb=SoDc67M374Ug3vTTkR0FbzkdCdPP&fccid=ccde10b2ae0c4adb&vjs=3
